-- phpMyAdmin SQL Dump
-- version 4.2.11
-- http://www.phpmyadmin.net
--
-- Host: 127.0.0.1
-- Generation Time: Oct 18, 2016 at 02:26 PM
-- Server version: 5.6.21
-- PHP Version: 5.6.3

SET SQL_MODE = "NO_AUTO_VALUE_ON_ZERO";
SET time_zone = "+00:00";


/*!40101 SET @OLD_CHARACTER_SET_CLIENT=@@CHARACTER_SET_CLIENT */;
/*!40101 SET @OLD_CHARACTER_SET_RESULTS=@@CHARACTER_SET_RESULTS */;
/*!40101 SET @OLD_COLLATION_CONNECTION=@@COLLATION_CONNECTION */;
/*!40101 SET NAMES utf8 */;

--
-- Database: `mos30`
--

-- --------------------------------------------------------

--
-- Table structure for table `inset`
--

CREATE TABLE IF NOT EXISTS `inset` (
  `pid` int(11) NOT NULL,
  `dsid` int(11) NOT NULL,
  `in` varchar(100) DEFAULT NULL
) ENGINE=InnoDB DEFAULT CHARSET=latin1;

--
-- Dumping data for table `inset`
--

INSERT INTO `inset` (`pid`, `dsid`, `in`) VALUES
(92, 0, 'input.txt'),
(93, 0, 'input.txt'),
(94, 0, 'New Text Document.txt'),
(96, 0, 'New Text Document.txt');

-- --------------------------------------------------------

--
-- Table structure for table `outset`
--

CREATE TABLE IF NOT EXISTS `outset` (
  `pid` int(11) NOT NULL,
  `dsid` int(11) NOT NULL,
  `out` varchar(100) DEFAULT NULL
) ENGINE=InnoDB DEFAULT CHARSET=latin1;

--
-- Dumping data for table `outset`
--

INSERT INTO `outset` (`pid`, `dsid`, `out`) VALUES
(92, 0, 'output.txt'),
(93, 0, 'output.txt'),
(94, 0, 'output.txt'),
(96, 0, 'New Text Document (2).txt');

-- --------------------------------------------------------

--
-- Table structure for table `pdfset`
--

CREATE TABLE IF NOT EXISTS `pdfset` (
  `pid` int(11) NOT NULL,
  `pdf` varchar(100) NOT NULL
) ENGINE=InnoDB DEFAULT CHARSET=latin1;

--
-- Dumping data for table `pdfset`
--

INSERT INTO `pdfset` (`pid`, `pdf`) VALUES
(92, 'problem1.pdf'),
(93, 'problem2.pdf'),
(94, 'problem3.pdf');

-- --------------------------------------------------------

--
-- Table structure for table `problem`
--

CREATE TABLE IF NOT EXISTS `problem` (
  `pid` int(11) NOT NULL,
  `cpid` int(11) NOT NULL
) ENGINE=InnoDB DEFAULT CHARSET=latin1;

--
-- Dumping data for table `problem`
--

INSERT INTO `problem` (`pid`, `cpid`) VALUES
(92, 0),
(93, 1),
(94, 2),
(96, 3);

-- --------------------------------------------------------

--
-- Table structure for table `scoreboard`
--

CREATE TABLE IF NOT EXISTS `scoreboard` (
  `uid` int(11) NOT NULL,
  `uname` varchar(100) NOT NULL,
  `name` varchar(100) NOT NULL,
  `rank` int(11) NOT NULL,
  `score` int(11) NOT NULL DEFAULT '0',
  `penalty` int(11) NOT NULL DEFAULT '0',
  `penalty0` int(11) NOT NULL DEFAULT '0',
  `score0` int(11) NOT NULL DEFAULT '0',
  `firstac0` int(11) NOT NULL DEFAULT '2147483647',
  `wrong0` int(11) NOT NULL DEFAULT '0',
  `penalty1` int(11) NOT NULL DEFAULT '0',
  `score1` int(11) NOT NULL DEFAULT '0',
  `firstac1` int(11) NOT NULL DEFAULT '2147483647',
  `wrong1` int(11) NOT NULL DEFAULT '0',
  `penalty2` int(11) NOT NULL DEFAULT '0',
  `score2` int(11) NOT NULL DEFAULT '0',
  `firstac2` int(11) NOT NULL DEFAULT '2147483647',
  `wrong2` int(11) NOT NULL DEFAULT '0',
  `penalty3` int(11) NOT NULL DEFAULT '0',
  `score3` int(11) NOT NULL DEFAULT '0',
  `firstac3` int(11) NOT NULL DEFAULT '2147483647',
  `wrong3` int(11) NOT NULL DEFAULT '0'
) ENGINE=InnoDB DEFAULT CHARSET=latin1;

--
-- Dumping data for table `scoreboard`
--

INSERT INTO `scoreboard` (`uid`, `uname`, `name`, `rank`, `score`, `penalty`, `penalty0`, `score0`, `firstac0`, `wrong0`, `penalty1`, `score1`, `firstac1`, `wrong1`, `penalty2`, `score2`, `firstac2`, `wrong2`, `penalty3`, `score3`, `firstac3`, `wrong3`) VALUES
(2, 'moshiur.bd', 'Moshiur Rahman', 0, 100, 268, 0, 0, 2147483647, 0, 0, 0, 2147483647, 0, 0, 0, 2147483647, 0, 268, 100, 666, 2),
(40, 'prodipdatta7', 'Prodip Datta', 0, 300, 361, 3, 100, 291, 0, 8, 100, 302, 0, 350, 100, 383, 16, 0, 0, 2147483647, 11),
(41, 'mesbaulbsmrstu', 'mesbaulhasan', 0, 200, 15, 5, 100, 295, 0, 10, 100, 305, 0, 0, 0, 2147483647, 10, 0, 0, 2147483647, 0),
(42, 'aim_to_miss', 'MD Rahman', 0, 300, 575, 194, 100, 472, 0, 192, 100, 466, 0, 189, 100, 454, 0, 0, 0, 2147483647, 2),
(45, 'loosercoder', 'Ankita Dutta |Mou', 0, 200, 450, 187, 100, 453, 0, 0, 0, 2147483647, 2, 263, 100, 551, 2, 0, 0, 2147483647, 2),
(50, 'jisan047', 'Jisan Shaikh', 0, 300, 275, 3, 100, 289, 0, 6, 100, 296, 0, 266, 100, 361, 12, 0, 0, 2147483647, 12),
(51, 'ehsan_sshuvo', 'Ehsan sShuvo', 0, 300, 143, 3, 100, 290, 0, 8, 100, 301, 0, 132, 100, 406, 5, 0, 0, 2147483647, 5),
(53, 'azizul300', 'azizul islam', 0, 300, 172, 3, 100, 288, 0, 13, 100, 317, 0, 156, 100, 415, 6, 0, 0, 2147483647, 3),
(54, 'Jairul', 'Jairul Islam', 0, 100, 221, 221, 100, 491, 1, 0, 0, 2147483647, 0, 0, 0, 2147483647, 4, 0, 0, 2147483647, 0),
(55, '123', '123', 0, 300, 87, 14, 100, 325, 0, 20, 100, 343, 0, 53, 100, 409, 1, 0, 0, 2147483647, 0),
(56, 'Ramprosad49', 'Ramprosad', 0, 300, 233, 4, 100, 292, 0, 14, 100, 321, 0, 215, 100, 445, 8, 0, 0, 2147483647, 2),
(57, 'Jahidul_Afrad', 'Jahidul afrad', 0, 300, 137, 50, 100, 310, 2, 16, 100, 331, 0, 71, 100, 391, 2, 0, 0, 2147483647, 6),
(58, 'alaminv2', 'alamin', 0, 100, 311, 311, 100, 515, 5, 0, 0, 2147483647, 0, 0, 0, 2147483647, 1, 0, 0, 2147483647, 0),
(64, 'sanjit', 'Sanjit Majumdar', 0, 300, 113, 6, 100, 297, 0, 60, 100, 344, 2, 47, 100, 363, 1, 0, 0, 2147483647, 0),
(65, 'Nur_Alam39', 'Nur-E-Alam Jony', 0, 200, 98, 80, 100, 342, 3, 18, 100, 337, 0, 0, 0, 2147483647, 7, 0, 0, 2147483647, 0),
(66, 'avijit035', 'Avijit Biswas', 0, 300, 292, 5, 100, 294, 0, 37, 100, 333, 1, 250, 100, 459, 3, 0, 0, 2147483647, 0),
(67, 'lipi', 'lipi', 0, 100, 279, 279, 100, 539, 3, 0, 0, 2147483647, 0, 0, 0, 2147483647, 0, 0, 0, 2147483647, 0),
(68, 'Zakia', 'Khairun Nahar', 0, 100, 273, 273, 100, 469, 4, 0, 0, 2147483647, 0, 0, 0, 2147483647, 2, 0, 0, 2147483647, 0),
(69, 'Habiba', 'Ummey Habiba', 0, 0, 0, 0, 0, 2147483647, 6, 0, 0, 2147483647, 0, 0, 0, 2147483647, 0, 0, 0, 2147483647, 0),
(71, 'tahmidhasan.3003', 'Md Tahmid Hasan Sarkar', 0, 300, 641, 224, 100, 496, 1, 205, 100, 498, 0, 212, 100, 524, 0, 0, 0, 2147483647, 0),
(72, 'xokar', 'Partho Bala', 0, 300, 775, 221, 100, 493, 1, 232, 100, 520, 1, 322, 100, 547, 5, 0, 0, 2147483647, 0),
(73, 'fazlerabbi_linkon', 'Fazle Rabbi Linkon', 0, 300, 796, 269, 100, 511, 3, 223, 100, 494, 1, 304, 100, 556, 4, 0, 0, 2147483647, 4),
(74, 'm_rony', 'MD. RONY AHMED', 0, 300, 702, 200, 100, 489, 0, 218, 100, 538, 0, 284, 100, 557, 3, 0, 0, 2147483647, 0),
(77, 'siam', 'Masnun Siam', 0, 300, 635, 199, 100, 484, 0, 206, 100, 504, 0, 230, 100, 514, 1, 0, 0, 2147483647, 3),
(84, 'debashis', 'Roy Debashis', 0, 0, 0, 0, 0, 2147483647, 1, 0, 0, 2147483647, 0, 0, 0, 2147483647, 0, 0, 0, 2147483647, 0);

-- --------------------------------------------------------

--
-- Table structure for table `settings`
--

CREATE TABLE IF NOT EXISTS `settings` (
  `delay` int(11) NOT NULL DEFAULT '5000',
  `duration` bigint(20) NOT NULL DEFAULT '3600000',
  `penalty` int(11) NOT NULL DEFAULT '20',
  `problemCount` int(11) NOT NULL DEFAULT '0',
  `status` varchar(30) NOT NULL DEFAULT 'upcoming'
) ENGINE=InnoDB DEFAULT CHARSET=latin1;

--
-- Dumping data for table `settings`
--

INSERT INTO `settings` (`delay`, `duration`, `penalty`, `problemCount`, `status`) VALUES
(30000, 14400000, 20, 4, 'finished');

-- --------------------------------------------------------

--
-- Table structure for table `srcset`
--

CREATE TABLE IF NOT EXISTS `srcset` (
  `pid` int(11) NOT NULL,
  `sid` int(11) NOT NULL,
  `src` varchar(100) DEFAULT NULL
) ENGINE=InnoDB DEFAULT CHARSET=latin1;

-- --------------------------------------------------------

--
-- Table structure for table `submission`
--

CREATE TABLE IF NOT EXISTS `submission` (
  `id` int(11) NOT NULL,
  `uid` int(11) NOT NULL,
  `pid` int(11) NOT NULL,
  `arrtime` int(11) NOT NULL
) ENGINE=InnoDB DEFAULT CHARSET=latin1;

--
-- Dumping data for table `submission`
--

INSERT INTO `submission` (`id`, `uid`, `pid`, `arrtime`) VALUES
(288, 53, 92, 182),
(289, 50, 92, 206),
(290, 51, 92, 233),
(291, 40, 92, 234),
(292, 56, 92, 257),
(293, 65, 92, 272),
(294, 66, 92, 316),
(295, 41, 92, 321),
(296, 50, 93, 365),
(297, 64, 92, 376),
(298, 50, 94, 432),
(299, 53, 94, 442),
(300, 57, 92, 514),
(301, 51, 93, 517),
(302, 40, 93, 530),
(303, 57, 92, 574),
(304, 40, 94, 582),
(305, 41, 93, 604),
(306, 64, 94, 605),
(307, 65, 92, 619),
(308, 40, 94, 622),
(309, 51, 94, 646),
(310, 57, 92, 652),
(311, 65, 92, 684),
(312, 40, 94, 685),
(313, 41, 94, 692),
(314, 50, 94, 699),
(315, 50, 94, 745),
(316, 40, 94, 767),
(317, 53, 93, 805),
(318, 40, 94, 808),
(319, 50, 94, 839),
(320, 41, 94, 841),
(321, 56, 93, 848),
(322, 40, 94, 852),
(323, 64, 93, 854),
(324, 40, 94, 882),
(325, 55, 92, 890),
(326, 66, 93, 938),
(327, 53, 94, 941),
(328, 40, 94, 987),
(329, 56, 94, 999),
(330, 50, 94, 1006),
(331, 57, 93, 1013),
(332, 64, 93, 1035),
(333, 66, 93, 1054),
(334, 53, 94, 1054),
(335, 50, 94, 1077),
(336, 41, 94, 1096),
(337, 65, 93, 1139),
(338, 50, 94, 1171),
(339, 40, 94, 1171),
(340, 56, 94, 1218),
(341, 51, 94, 1222),
(342, 65, 92, 1244),
(343, 55, 93, 1249),
(344, 64, 93, 1254),
(345, 50, 94, 1275),
(346, 40, 94, 1310),
(347, 50, 94, 1315),
(348, 51, 94, 1339),
(349, 40, 94, 1392),
(350, 50, 94, 1402),
(351, 40, 94, 1416),
(352, 51, 94, 1424),
(353, 65, 94, 1426),
(354, 50, 94, 1431),
(355, 41, 94, 1439),
(356, 65, 94, 1475),
(357, 50, 94, 1510),
(358, 40, 94, 1531),
(359, 41, 94, 1554),
(360, 65, 94, 1588),
(361, 50, 94, 1611),
(362, 66, 94, 1631),
(363, 64, 94, 1661),
(364, 66, 94, 1713),
(365, 53, 94, 1718),
(366, 41, 94, 1721),
(367, 56, 94, 1739),
(368, 51, 94, 1742),
(369, 40, 94, 1755),
(370, 65, 94, 1760),
(371, 40, 94, 1772),
(372, 40, 94, 1802),
(373, 64, 92, 1808),
(374, 57, 94, 1809),
(375, 55, 94, 1811),
(376, 64, 93, 1816),
(377, 50, 94, 1817),
(378, 64, 94, 1823),
(379, 50, 94, 1829),
(380, 64, 93, 1829),
(381, 64, 93, 1839),
(382, 50, 94, 1840),
(383, 40, 94, 1848),
(384, 50, 94, 1850),
(385, 57, 94, 1855),
(386, 64, 94, 1857),
(387, 50, 94, 1859),
(388, 53, 94, 1861),
(389, 41, 94, 1861),
(390, 50, 94, 1871),
(391, 57, 94, 1879),
(392, 64, 94, 1880),
(393, 50, 94, 1882),
(394, 64, 93, 1888),
(395, 50, 94, 1892),
(396, 50, 94, 1903),
(397, 64, 94, 1905),
(398, 66, 94, 1907),
(399, 50, 94, 1912),
(400, 64, 94, 1913),
(401, 64, 92, 1920),
(402, 50, 94, 1924),
(403, 64, 94, 1928),
(404, 41, 94, 1929),
(405, 64, 93, 1934),
(406, 51, 94, 1957),
(407, 41, 94, 1988),
(408, 65, 94, 1994),
(409, 55, 94, 1994),
(410, 56, 94, 2034),
(411, 41, 94, 2049),
(412, 65, 94, 2050),
(413, 53, 94, 2094),
(414, 56, 94, 2122),
(415, 53, 94, 2168),
(416, 56, 94, 2209),
(417, 50, 96, 2345),
(418, 50, 96, 2409),
(419, 57, 96, 2422),
(420, 50, 96, 2441),
(421, 57, 96, 2495),
(422, 51, 96, 2496),
(423, 50, 96, 2499),
(424, 53, 96, 2514),
(425, 50, 96, 2577),
(426, 51, 96, 2612),
(427, 57, 96, 2653),
(428, 50, 96, 2653),
(429, 65, 94, 2678),
(430, 56, 94, 2684),
(431, 51, 96, 2709),
(432, 2, 96, 2723),
(433, 2, 96, 2759),
(434, 51, 96, 2775),
(435, 50, 96, 2785),
(436, 56, 94, 2804),
(437, 53, 96, 2806),
(438, 57, 96, 2819),
(439, 51, 96, 2892),
(440, 50, 96, 2909),
(441, 50, 96, 2959),
(442, 50, 96, 2993),
(443, 50, 96, 3021),
(444, 53, 96, 3177),
(445, 56, 94, 3331),
(446, 40, 96, 10576),
(447, 40, 96, 10640),
(448, 40, 96, 10673),
(449, 40, 96, 11104),
(450, 56, 96, 11132),
(451, 68, 92, 11147),
(452, 68, 92, 11179),
(453, 45, 92, 11232),
(454, 42, 94, 11341),
(455, 53, 94, 11370),
(456, 68, 92, 11400),
(457, 53, 94, 11407),
(458, 45, 94, 11415),
(459, 66, 94, 11430),
(460, 50, 92, 11451),
(461, 57, 96, 11452),
(462, 40, 92, 11466),
(463, 68, 92, 11499),
(464, 40, 93, 11517),
(465, 50, 93, 11517),
(466, 42, 93, 11520),
(467, 50, 94, 11564),
(468, 40, 94, 11565),
(469, 68, 92, 11583),
(470, 50, 96, 11594),
(471, 56, 96, 11641),
(472, 42, 92, 11648),
(473, 71, 92, 11668),
(474, 40, 96, 11697),
(475, 42, 96, 11737),
(476, 45, 93, 11777),
(477, 72, 92, 11789),
(478, 40, 96, 11800),
(479, 42, 96, 11827),
(480, 73, 93, 11886),
(481, 40, 96, 11902),
(482, 40, 96, 11924),
(483, 54, 92, 11942),
(484, 77, 92, 11965),
(485, 45, 93, 11975),
(486, 40, 96, 11990),
(487, 58, 92, 12013),
(488, 40, 96, 12017),
(489, 74, 92, 12023),
(490, 58, 92, 12032),
(491, 54, 92, 12072),
(492, 69, 92, 12097),
(493, 72, 92, 12099),
(494, 73, 93, 12215),
(495, 67, 92, 12253),
(496, 71, 92, 12274),
(497, 58, 92, 12305),
(498, 71, 93, 12307),
(499, 68, 94, 12309),
(500, 73, 93, 12322),
(501, 67, 92, 12333),
(502, 73, 92, 12333),
(503, 69, 92, 12335),
(504, 77, 93, 12365),
(505, 73, 92, 12431),
(506, 77, 94, 12453),
(507, 58, 92, 12489),
(508, 73, 92, 12524),
(509, 58, 92, 12528),
(510, 74, 94, 12547),
(511, 73, 92, 12574),
(512, 72, 93, 12587),
(513, 45, 94, 12613),
(514, 77, 94, 12638),
(515, 58, 92, 12683),
(516, 73, 94, 12690),
(517, 40, 96, 12707),
(518, 73, 94, 12723),
(519, 54, 94, 12725),
(520, 72, 93, 12727),
(521, 74, 94, 12727),
(522, 57, 96, 12731),
(523, 73, 94, 12747),
(524, 71, 94, 12777),
(525, 72, 94, 12832),
(526, 54, 94, 12873),
(527, 45, 96, 12876),
(528, 72, 94, 12908),
(529, 58, 94, 12965),
(530, 54, 94, 12970),
(531, 77, 96, 12989),
(532, 69, 92, 13003),
(533, 72, 94, 13020),
(534, 67, 92, 13032),
(535, 45, 96, 13093),
(536, 69, 92, 13103),
(537, 77, 96, 13111),
(538, 74, 93, 13125),
(539, 67, 92, 13146),
(540, 72, 94, 13156),
(541, 68, 94, 13156),
(542, 72, 94, 13225),
(543, 77, 96, 13225),
(544, 84, 92, 13285),
(545, 69, 92, 13317),
(546, 73, 96, 13327),
(547, 72, 94, 13353),
(548, 73, 96, 13356),
(549, 73, 96, 13376),
(550, 69, 92, 13414),
(551, 45, 94, 13415),
(552, 74, 94, 13416),
(553, 73, 96, 13418),
(554, 73, 94, 13437),
(555, 54, 94, 13452),
(556, 73, 94, 13458),
(557, 74, 94, 13494),
(666, 2, 96, 13681),
(672, 2, 96, 13705);

-- --------------------------------------------------------

--
-- Table structure for table `time`
--

CREATE TABLE IF NOT EXISTS `time` (
  `elapsed` mediumtext NOT NULL,
  `stamp` mediumtext NOT NULL
) ENGINE=InnoDB DEFAULT CHARSET=latin1;

--
-- Dumping data for table `time`
--

INSERT INTO `time` (`elapsed`, `stamp`) VALUES
('14400015', '1473168432297');

--
-- Indexes for dumped tables
--

--
-- Indexes for table `problem`
--
ALTER TABLE `problem`
 ADD PRIMARY KEY (`pid`);

--
-- Indexes for table `scoreboard`
--
ALTER TABLE `scoreboard`
 ADD PRIMARY KEY (`uid`);

--
-- Indexes for table `settings`
--
ALTER TABLE `settings`
 ADD PRIMARY KEY (`status`);

--
-- Indexes for table `submission`
--
ALTER TABLE `submission`
 ADD PRIMARY KEY (`id`);

/*!40101 SET CHARACTER_SET_CLIENT=@OLD_CHARACTER_SET_CLIENT */;
/*!40101 SET CHARACTER_SET_RESULTS=@OLD_CHARACTER_SET_RESULTS */;
/*!40101 SET COLLATION_CONNECTION=@OLD_COLLATION_CONNECTION */;
