-- phpMyAdmin SQL Dump
-- version 4.2.11
-- http://www.phpmyadmin.net
--
-- Host: 127.0.0.1
-- Generation Time: Oct 18, 2016 at 02:26 PM
-- Server version: 5.6.21
-- PHP Version: 5.6.3

SET SQL_MODE = "NO_AUTO_VALUE_ON_ZERO";
SET time_zone = "+00:00";


/*!40101 SET @OLD_CHARACTER_SET_CLIENT=@@CHARACTER_SET_CLIENT */;
/*!40101 SET @OLD_CHARACTER_SET_RESULTS=@@CHARACTER_SET_RESULTS */;
/*!40101 SET @OLD_COLLATION_CONNECTION=@@COLLATION_CONNECTION */;
/*!40101 SET NAMES utf8 */;

--
-- Database: `mos32`
--

-- --------------------------------------------------------

--
-- Table structure for table `inset`
--

CREATE TABLE IF NOT EXISTS `inset` (
  `pid` int(11) NOT NULL,
  `dsid` int(11) NOT NULL,
  `in` varchar(100) DEFAULT NULL
) ENGINE=InnoDB DEFAULT CHARSET=latin1;

--
-- Dumping data for table `inset`
--

INSERT INTO `inset` (`pid`, `dsid`, `in`) VALUES
(99, 0, 'blank.txt'),
(100, 0, 'blank.txt'),
(101, 0, 'input.txt'),
(102, 0, 'judge.in'),
(103, 0, 'input.txt'),
(104, 0, 'input.txt'),
(98, 0, 'input.txt');

-- --------------------------------------------------------

--
-- Table structure for table `outset`
--

CREATE TABLE IF NOT EXISTS `outset` (
  `pid` int(11) NOT NULL,
  `dsid` int(11) NOT NULL,
  `out` varchar(100) DEFAULT NULL
) ENGINE=InnoDB DEFAULT CHARSET=latin1;

--
-- Dumping data for table `outset`
--

INSERT INTO `outset` (`pid`, `dsid`, `out`) VALUES
(99, 0, 'output.txt'),
(100, 0, 'output.txt'),
(101, 0, 'output.txt'),
(102, 0, 'judge.out'),
(103, 0, 'output.txt'),
(104, 0, 'output.txt'),
(98, 0, 'output.txt');

-- --------------------------------------------------------

--
-- Table structure for table `pdfset`
--

CREATE TABLE IF NOT EXISTS `pdfset` (
  `pid` int(11) NOT NULL,
  `pdf` varchar(100) NOT NULL
) ENGINE=InnoDB DEFAULT CHARSET=latin1;

--
-- Dumping data for table `pdfset`
--

INSERT INTO `pdfset` (`pid`, `pdf`) VALUES
(102, 'iocc.html'),
(104, 'ioeqn.html'),
(98, 'iocc.html'),
(99, 'io.html'),
(100, 'io.html'),
(101, 'io.html'),
(103, 'ioeasy.html');

-- --------------------------------------------------------

--
-- Table structure for table `problem`
--

CREATE TABLE IF NOT EXISTS `problem` (
  `pid` int(11) NOT NULL,
  `cpid` int(11) NOT NULL
) ENGINE=InnoDB DEFAULT CHARSET=latin1;

--
-- Dumping data for table `problem`
--

INSERT INTO `problem` (`pid`, `cpid`) VALUES
(98, 0),
(99, 1),
(100, 2),
(101, 3),
(102, 4),
(103, 5),
(104, 6);

-- --------------------------------------------------------

--
-- Table structure for table `scoreboard`
--

CREATE TABLE IF NOT EXISTS `scoreboard` (
  `uid` int(11) NOT NULL,
  `uname` varchar(100) NOT NULL,
  `name` varchar(100) NOT NULL,
  `rank` int(11) NOT NULL,
  `score` int(11) NOT NULL DEFAULT '0',
  `penalty` int(11) NOT NULL DEFAULT '0',
  `penalty0` int(11) NOT NULL DEFAULT '0',
  `score0` int(11) NOT NULL DEFAULT '0',
  `firstac0` int(11) NOT NULL DEFAULT '2147483647',
  `wrong0` int(11) NOT NULL DEFAULT '0',
  `penalty1` int(11) NOT NULL DEFAULT '0',
  `score1` int(11) NOT NULL DEFAULT '0',
  `firstac1` int(11) NOT NULL DEFAULT '2147483647',
  `wrong1` int(11) NOT NULL DEFAULT '0',
  `penalty2` int(11) NOT NULL DEFAULT '0',
  `score2` int(11) NOT NULL DEFAULT '0',
  `firstac2` int(11) NOT NULL DEFAULT '2147483647',
  `wrong2` int(11) NOT NULL DEFAULT '0',
  `penalty3` int(11) NOT NULL DEFAULT '0',
  `score3` int(11) NOT NULL DEFAULT '0',
  `firstac3` int(11) NOT NULL DEFAULT '2147483647',
  `wrong3` int(11) NOT NULL DEFAULT '0',
  `penalty4` int(11) NOT NULL DEFAULT '0',
  `score4` int(11) NOT NULL DEFAULT '0',
  `firstac4` int(11) NOT NULL DEFAULT '2147483647',
  `wrong4` int(11) NOT NULL DEFAULT '0',
  `penalty5` int(11) NOT NULL DEFAULT '0',
  `score5` int(11) NOT NULL DEFAULT '0',
  `firstac5` int(11) NOT NULL DEFAULT '2147483647',
  `wrong5` int(11) NOT NULL DEFAULT '0',
  `penalty6` int(11) NOT NULL DEFAULT '0',
  `score6` int(11) NOT NULL DEFAULT '0',
  `firstac6` int(11) NOT NULL DEFAULT '2147483647',
  `wrong6` int(11) NOT NULL DEFAULT '0'
) ENGINE=InnoDB DEFAULT CHARSET=latin1;

--
-- Dumping data for table `scoreboard`
--

INSERT INTO `scoreboard` (`uid`, `uname`, `name`, `rank`, `score`, `penalty`, `penalty0`, `score0`, `firstac0`, `wrong0`, `penalty1`, `score1`, `firstac1`, `wrong1`, `penalty2`, `score2`, `firstac2`, `wrong2`, `penalty3`, `score3`, `firstac3`, `wrong3`, `penalty4`, `score4`, `firstac4`, `wrong4`, `penalty5`, `score5`, `firstac5`, `wrong5`, `penalty6`, `score6`, `firstac6`, `wrong6`) VALUES
(40, 'prodipdatta7', 'Prodip Datta(1st)', 0, 400, 276, 9, 100, 566, 0, 0, 0, 2147483647, 3, 0, 0, 2147483647, 6, 32, 100, 632, 0, 201, 100, 829, 3, 34, 100, 585, 1, 0, 0, 2147483647, 0),
(42, 'aim_to_miss', 'MD Hafizur Rahman( 1st year)', 0, 400, 235, 16, 100, 592, 0, 0, 0, 2147483647, 0, 0, 0, 2147483647, 0, 62, 100, 658, 1, 115, 100, 771, 1, 42, 100, 614, 1, 0, 0, 2147483647, 0),
(45, 'loosercoder', 'Ankita Dutta |Mou', 0, 200, 377, 181, 100, 737, 5, 0, 0, 2147483647, 2, 0, 0, 2147483647, 0, 0, 0, 2147483647, 0, 0, 0, 2147483647, 0, 196, 100, 728, 6, 0, 0, 2147483647, 0),
(50, 'jisan047', 'Jisan Shaikh(1st year)', 0, 500, 551, 87, 100, 668, 2, 243, 100, 868, 4, 0, 0, 2147483647, 2, 62, 100, 698, 0, 115, 100, 772, 1, 44, 100, 662, 0, 0, 0, 2147483647, 0),
(51, 'ehsan_sshuvo', 'Ehsan sShuvo(2nd year)', 0, 300, 383, 61, 100, 609, 2, 0, 0, 2147483647, 2, 0, 0, 2147483647, 0, 317, 100, 886, 7, 0, 0, 2147483647, 4, 5, 100, 561, 0, 0, 0, 2147483647, 0),
(52, 'SM PORAG', 'SM PORAG', 0, 100, 417, 0, 0, 2147483647, 0, 0, 0, 2147483647, 0, 0, 0, 2147483647, 0, 0, 0, 2147483647, 0, 0, 0, 2147483647, 0, 417, 100, 860, 13, 0, 0, 2147483647, 4),
(53, 'azizul300', 'azizul islam(2nd)', 0, 200, 230, 153, 100, 722, 4, 0, 0, 2147483647, 0, 0, 0, 2147483647, 0, 0, 0, 2147483647, 0, 0, 0, 2147483647, 2, 77, 100, 646, 2, 0, 0, 2147483647, 0),
(54, 'Jairul', 'Jairul Islam', 0, 100, 358, 0, 0, 2147483647, 0, 0, 0, 2147483647, 0, 0, 0, 2147483647, 4, 0, 0, 2147483647, 2, 0, 0, 2147483647, 0, 358, 100, 862, 10, 0, 0, 2147483647, 0),
(56, 'Ramprosad49', 'Ramprosad Gharami', 0, 400, 269, 11, 100, 577, 0, 0, 0, 2147483647, 4, 0, 0, 2147483647, 0, 106, 100, 748, 1, 134, 100, 820, 0, 18, 100, 602, 0, 0, 0, 2147483647, 0),
(57, 'Jahidul_Afrad', 'Jahidul afrad(1st)', 0, 100, 325, 0, 0, 2147483647, 20, 0, 0, 2147483647, 0, 0, 0, 2147483647, 0, 0, 0, 2147483647, 0, 0, 0, 2147483647, 0, 325, 100, 745, 12, 0, 0, 2147483647, 0),
(58, 'alaminv2', 'alamin (1st Year)', 0, 100, 287, 0, 0, 2147483647, 3, 0, 0, 2147483647, 0, 0, 0, 2147483647, 0, 0, 0, 2147483647, 0, 0, 0, 2147483647, 0, 287, 100, 841, 7, 0, 0, 2147483647, 0),
(64, 'sanjit', 'Sanjit Majumdar', 0, 600, 357, 5, 100, 559, 0, 40, 100, 606, 1, 30, 100, 629, 0, 124, 100, 787, 1, 128, 100, 753, 2, 30, 100, 573, 1, 0, 0, 2147483647, 0),
(66, 'avijit035', 'Avijit Biswas (2nd year)', 0, 200, 91, 9, 100, 572, 0, 0, 0, 2147483647, 0, 0, 0, 2147483647, 0, 0, 0, 2147483647, 4, 0, 0, 2147483647, 13, 82, 100, 612, 3, 0, 0, 2147483647, 0),
(67, 'lipi', 'lipi( 1st year)', 0, 100, 132, 0, 0, 2147483647, 0, 0, 0, 2147483647, 0, 0, 0, 2147483647, 0, 0, 0, 2147483647, 0, 0, 0, 2147483647, 0, 132, 100, 716, 3, 0, 0, 2147483647, 0),
(68, 'Zakia', 'Khairun Nahar (1st year)', 0, 100, 139, 0, 0, 2147483647, 5, 0, 0, 2147483647, 1, 0, 0, 2147483647, 0, 0, 0, 2147483647, 0, 0, 0, 2147483647, 0, 139, 100, 692, 4, 0, 0, 2147483647, 0),
(69, 'Habiba', 'Ummey Habiba(1st Y)', 0, 100, 200, 0, 0, 2147483647, 0, 0, 0, 2147483647, 0, 0, 0, 2147483647, 0, 0, 0, 2147483647, 0, 0, 0, 2147483647, 0, 200, 100, 780, 5, 0, 0, 2147483647, 0),
(71, 'tahmidhasan.3003', 'Md Tahmid Hasan Sarkar', 0, 300, 260, 10, 100, 574, 0, 0, 0, 2147483647, 0, 0, 0, 2147483647, 0, 211, 100, 816, 4, 0, 0, 2147483647, 4, 39, 100, 605, 1, 0, 0, 2147483647, 0),
(72, 'xokar', 'Partho Bala', 0, 100, 222, 0, 0, 2147483647, 20, 0, 0, 2147483647, 0, 0, 0, 2147483647, 0, 0, 0, 2147483647, 0, 0, 0, 2147483647, 0, 222, 100, 739, 7, 0, 0, 2147483647, 0),
(73, 'fazlerabbi_linkon', 'Fazle Rabbi Linkon', 0, 200, 179, 16, 100, 590, 0, 0, 0, 2147483647, 0, 0, 0, 2147483647, 0, 0, 0, 2147483647, 2, 0, 0, 2147483647, 2, 163, 100, 743, 4, 0, 0, 2147483647, 0),
(74, 'm_rony', 'MD. RONY AHMED', 0, 100, 220, 0, 0, 2147483647, 1, 0, 0, 2147483647, 0, 0, 0, 2147483647, 0, 0, 0, 2147483647, 0, 0, 0, 2147483647, 0, 220, 100, 696, 8, 0, 0, 2147483647, 0),
(77, 'siam', 'Masnun Siam(1st)', 0, 200, 70, 9, 100, 571, 0, 0, 0, 2147483647, 0, 0, 0, 2147483647, 0, 0, 0, 2147483647, 1, 0, 0, 2147483647, 4, 61, 100, 657, 1, 0, 0, 2147483647, 0),
(81, 'Sohel (2nd Year)', 'Md. Sohel Rana', 0, 200, 207, 98, 100, 689, 2, 0, 0, 2147483647, 0, 0, 0, 2147483647, 0, 0, 0, 2147483647, 0, 0, 0, 2147483647, 1, 109, 100, 710, 2, 0, 0, 2147483647, 0),
(83, 'Nur_Alam39(2nd)', 'Nur-E-Alam Jony', 0, 300, 181, 9, 100, 568, 0, 0, 0, 2147483647, 0, 0, 0, 2147483647, 0, 0, 0, 2147483647, 3, 137, 100, 802, 1, 35, 100, 586, 1, 0, 0, 2147483647, 0),
(84, 'debashis', 'Roy Debashis', 0, 100, 50, 0, 0, 2147483647, 4, 0, 0, 2147483647, 0, 0, 0, 2147483647, 0, 0, 0, 2147483647, 0, 0, 0, 2147483647, 0, 50, 100, 674, 0, 0, 0, 2147483647, 0),
(85, 'shoeb ', 'Md shoeb howlader', 0, 200, 109, 25, 100, 621, 0, 0, 0, 2147483647, 3, 0, 0, 2147483647, 0, 0, 0, 2147483647, 0, 0, 0, 2147483647, 8, 84, 100, 660, 2, 0, 0, 2147483647, 0);

-- --------------------------------------------------------

--
-- Table structure for table `settings`
--

CREATE TABLE IF NOT EXISTS `settings` (
  `delay` int(11) NOT NULL DEFAULT '30000',
  `duration` bigint(20) NOT NULL DEFAULT '3600000',
  `penalty` int(11) NOT NULL DEFAULT '20',
  `problemCount` int(11) NOT NULL DEFAULT '0',
  `status` varchar(30) NOT NULL DEFAULT 'upcoming'
) ENGINE=InnoDB DEFAULT CHARSET=latin1;

--
-- Dumping data for table `settings`
--

INSERT INTO `settings` (`delay`, `duration`, `penalty`, `problemCount`, `status`) VALUES
(30000, 10800000, 20, 7, 'finished');

-- --------------------------------------------------------

--
-- Table structure for table `srcset`
--

CREATE TABLE IF NOT EXISTS `srcset` (
  `pid` int(11) NOT NULL,
  `sid` int(11) NOT NULL,
  `src` varchar(100) DEFAULT NULL
) ENGINE=InnoDB DEFAULT CHARSET=latin1;

-- --------------------------------------------------------

--
-- Table structure for table `submission`
--

CREATE TABLE IF NOT EXISTS `submission` (
  `id` int(11) NOT NULL,
  `uid` int(11) NOT NULL,
  `pid` int(11) NOT NULL,
  `arrtime` int(11) NOT NULL
) ENGINE=InnoDB DEFAULT CHARSET=latin1;

--
-- Dumping data for table `submission`
--

INSERT INTO `submission` (`id`, `uid`, `pid`, `arrtime`) VALUES
(558, 42, 103, 187),
(559, 64, 98, 305),
(560, 51, 98, 327),
(561, 51, 103, 355),
(562, 50, 98, 381),
(563, 57, 98, 478),
(564, 64, 103, 498),
(565, 53, 98, 542),
(566, 40, 98, 543),
(567, 68, 103, 549),
(568, 83, 98, 564),
(569, 53, 98, 568),
(570, 50, 98, 575),
(571, 77, 98, 582),
(572, 66, 98, 589),
(573, 64, 103, 630),
(574, 71, 98, 649),
(575, 68, 103, 650),
(576, 57, 98, 683),
(577, 56, 98, 689),
(578, 57, 98, 759),
(579, 69, 103, 779),
(580, 40, 103, 823),
(581, 68, 103, 834),
(582, 72, 98, 836),
(583, 83, 103, 839),
(584, 66, 103, 854),
(585, 40, 103, 892),
(586, 83, 103, 904),
(587, 66, 103, 937),
(588, 52, 103, 958),
(589, 58, 103, 981),
(590, 73, 98, 983),
(591, 64, 99, 986),
(592, 42, 98, 1007),
(593, 54, 103, 1013),
(594, 52, 103, 1018),
(595, 74, 103, 1030),
(596, 71, 103, 1051),
(597, 51, 98, 1061),
(598, 58, 103, 1064),
(599, 68, 103, 1064),
(600, 69, 103, 1071),
(601, 57, 98, 1092),
(602, 56, 103, 1103),
(603, 52, 103, 1128),
(604, 54, 103, 1160),
(605, 71, 103, 1166),
(606, 64, 99, 1226),
(607, 52, 103, 1267),
(608, 57, 98, 1273),
(609, 51, 98, 1278),
(610, 74, 103, 1304),
(611, 66, 103, 1320),
(612, 66, 103, 1349),
(613, 58, 103, 1350),
(614, 42, 103, 1353),
(615, 72, 98, 1389),
(616, 45, 98, 1396),
(617, 67, 103, 1397),
(618, 52, 103, 1431),
(619, 67, 103, 1463),
(620, 84, 98, 1494),
(621, 85, 98, 1512),
(622, 45, 98, 1534),
(623, 57, 98, 1701),
(624, 74, 103, 1758),
(625, 45, 98, 1763),
(626, 81, 98, 1781),
(627, 84, 98, 1785),
(628, 74, 103, 1788),
(629, 64, 100, 1816),
(630, 45, 98, 1917),
(631, 57, 103, 1920),
(632, 40, 101, 1936),
(633, 52, 103, 1940),
(634, 57, 103, 1970),
(635, 53, 103, 1982),
(636, 64, 100, 1995),
(637, 57, 103, 2026),
(638, 52, 103, 2030),
(639, 53, 103, 2087),
(640, 72, 98, 2132),
(641, 45, 103, 2136),
(642, 74, 103, 2150),
(643, 85, 103, 2159),
(644, 45, 103, 2226),
(645, 57, 103, 2234),
(646, 53, 103, 2275),
(647, 74, 103, 2316),
(648, 50, 100, 2319),
(649, 77, 103, 2332),
(650, 42, 101, 2345),
(651, 72, 103, 2396),
(652, 45, 103, 2408),
(653, 84, 98, 2418),
(654, 50, 100, 2423),
(655, 85, 103, 2442),
(656, 57, 103, 2447),
(657, 77, 103, 2486),
(658, 42, 101, 2551),
(659, 81, 98, 2602),
(660, 85, 103, 2649),
(661, 72, 103, 2650),
(662, 50, 103, 2692),
(663, 67, 103, 2709),
(664, 74, 103, 2761),
(665, 73, 103, 2781),
(667, 52, 103, 2829),
(668, 50, 98, 2849),
(669, 68, 98, 2872),
(670, 73, 103, 2876),
(671, 72, 98, 2884),
(673, 51, 99, 2908),
(674, 84, 103, 3011),
(675, 71, 101, 3053),
(676, 72, 98, 3054),
(677, 57, 98, 3061),
(678, 73, 103, 3066),
(679, 45, 98, 3102),
(680, 72, 98, 3128),
(681, 57, 103, 3223),
(682, 81, 102, 3228),
(683, 72, 98, 3238),
(684, 57, 103, 3345),
(685, 72, 98, 3388),
(686, 71, 101, 3414),
(687, 45, 103, 3416),
(688, 57, 98, 3451),
(689, 81, 98, 3480),
(690, 81, 103, 3516),
(691, 73, 101, 3566),
(692, 68, 103, 3570),
(693, 74, 103, 3578),
(694, 72, 103, 3608),
(695, 45, 103, 3625),
(696, 74, 103, 3656),
(697, 56, 99, 3719),
(698, 50, 101, 3759),
(699, 51, 99, 3769),
(700, 56, 101, 3813),
(701, 53, 98, 3834),
(702, 81, 103, 3850),
(703, 45, 103, 3953),
(704, 51, 101, 3997),
(705, 57, 98, 3997),
(706, 57, 98, 4036),
(707, 51, 101, 4094),
(708, 53, 98, 4100),
(709, 58, 98, 4145),
(710, 81, 103, 4179),
(711, 54, 103, 4213),
(712, 69, 103, 4225),
(713, 72, 98, 4236),
(714, 51, 101, 4247),
(715, 71, 101, 4293),
(716, 67, 103, 4324),
(717, 72, 103, 4342),
(718, 64, 102, 4346),
(719, 51, 101, 4353),
(720, 57, 103, 4369),
(721, 57, 103, 4390),
(722, 53, 98, 4428),
(723, 68, 98, 4436),
(724, 57, 103, 4454),
(725, 57, 103, 4523),
(726, 71, 101, 4524),
(727, 68, 98, 4609),
(728, 45, 103, 4618),
(729, 57, 103, 4650),
(730, 72, 103, 4667),
(731, 54, 103, 4680),
(732, 72, 103, 4708),
(733, 66, 102, 4715),
(734, 72, 103, 4829),
(735, 85, 102, 4878),
(736, 69, 103, 4892),
(737, 45, 98, 4893),
(738, 66, 102, 4919),
(739, 72, 103, 4952),
(740, 57, 98, 4968),
(741, 73, 103, 4981),
(742, 66, 102, 4981),
(743, 73, 103, 4998),
(744, 85, 102, 5038),
(745, 57, 103, 5113),
(746, 58, 103, 5118),
(747, 72, 98, 5160),
(748, 56, 101, 5163),
(749, 50, 102, 5177),
(750, 71, 102, 5177),
(751, 64, 102, 5185),
(752, 66, 102, 5233),
(753, 64, 102, 5289),
(754, 66, 102, 5298),
(755, 69, 103, 5345),
(756, 73, 101, 5350),
(757, 85, 102, 5371),
(758, 57, 98, 5379),
(759, 42, 102, 5401),
(760, 57, 98, 5406),
(761, 57, 98, 5518),
(762, 51, 101, 5542),
(763, 68, 98, 5545),
(764, 66, 102, 5561),
(765, 58, 103, 5572),
(766, 71, 102, 5600),
(767, 66, 102, 5618),
(768, 74, 98, 5632),
(769, 52, 104, 5665),
(770, 51, 101, 5672),
(771, 42, 102, 5730),
(772, 50, 102, 5747),
(773, 54, 103, 5871),
(774, 56, 99, 5908),
(775, 84, 98, 5945),
(776, 54, 100, 5962),
(777, 40, 100, 6006),
(778, 57, 98, 6011),
(779, 72, 98, 6024),
(780, 69, 103, 6031),
(781, 64, 101, 6086),
(782, 85, 102, 6100),
(783, 50, 99, 6111),
(784, 40, 100, 6159),
(785, 56, 99, 6240),
(786, 50, 99, 6280),
(787, 64, 101, 6288),
(788, 52, 104, 6336),
(789, 53, 102, 6412),
(790, 77, 102, 6553),
(791, 57, 98, 6564),
(792, 85, 102, 6595),
(793, 72, 98, 6613),
(794, 77, 102, 6741),
(795, 40, 102, 6789),
(796, 58, 103, 6867),
(797, 58, 103, 6943),
(798, 54, 101, 7023),
(799, 40, 102, 7031),
(800, 83, 102, 7041),
(801, 52, 104, 7059),
(802, 83, 102, 7075),
(803, 51, 102, 7128),
(804, 54, 103, 7225),
(805, 52, 104, 7316),
(806, 66, 101, 7378),
(807, 40, 102, 7425),
(808, 52, 103, 7560),
(809, 54, 100, 7668),
(810, 51, 102, 7705),
(811, 57, 98, 7715),
(812, 53, 102, 7729),
(813, 66, 102, 7829),
(814, 54, 100, 7860),
(815, 51, 102, 7888),
(816, 71, 101, 7894),
(817, 66, 102, 7914),
(818, 85, 102, 8000),
(819, 83, 101, 8000),
(820, 56, 102, 8053),
(821, 50, 99, 8082),
(822, 66, 101, 8112),
(823, 68, 99, 8172),
(824, 54, 103, 8303),
(825, 77, 101, 8305),
(826, 54, 103, 8395),
(827, 68, 98, 8397),
(828, 85, 99, 8429),
(829, 40, 102, 8480),
(830, 72, 98, 8555),
(831, 40, 100, 8623),
(832, 85, 102, 8630),
(833, 40, 100, 8675),
(834, 72, 98, 8705),
(835, 40, 100, 8709),
(836, 54, 100, 8710),
(837, 66, 102, 8730),
(838, 85, 99, 8756),
(839, 66, 102, 8794),
(840, 50, 99, 8853),
(841, 58, 103, 8859),
(842, 83, 101, 8901),
(843, 72, 98, 8911),
(844, 52, 103, 8963),
(845, 57, 98, 8986),
(846, 40, 100, 9001),
(847, 77, 102, 9009),
(848, 52, 103, 9034),
(849, 73, 102, 9178),
(850, 57, 98, 9184),
(851, 52, 103, 9212),
(852, 57, 98, 9246),
(853, 51, 102, 9271),
(854, 52, 103, 9288),
(855, 54, 103, 9306),
(856, 54, 103, 9375),
(857, 83, 101, 9403),
(858, 72, 98, 9411),
(859, 73, 102, 9453),
(860, 52, 103, 9454),
(861, 72, 98, 9496),
(862, 54, 103, 9521),
(863, 77, 102, 9551),
(864, 72, 98, 9730),
(865, 58, 98, 9776),
(866, 40, 99, 9782),
(867, 72, 98, 9801),
(868, 50, 99, 9803),
(869, 71, 102, 9820),
(870, 66, 102, 9850),
(871, 66, 102, 9930),
(872, 40, 99, 10060),
(873, 58, 98, 10091),
(874, 45, 99, 10172),
(875, 40, 99, 10250),
(876, 54, 101, 10257),
(877, 45, 99, 10264),
(878, 71, 102, 10340),
(879, 72, 98, 10380),
(880, 51, 101, 10451),
(881, 66, 101, 10524),
(882, 56, 99, 10532),
(883, 66, 101, 10576),
(884, 85, 99, 10605),
(885, 85, 102, 10623),
(886, 51, 101, 10650);

-- --------------------------------------------------------

--
-- Table structure for table `time`
--

CREATE TABLE IF NOT EXISTS `time` (
  `elapsed` mediumtext NOT NULL,
  `stamp` mediumtext NOT NULL
) ENGINE=InnoDB DEFAULT CHARSET=latin1;

--
-- Dumping data for table `time`
--

INSERT INTO `time` (`elapsed`, `stamp`) VALUES
('10800016', '1476785185895');

--
-- Indexes for dumped tables
--

--
-- Indexes for table `problem`
--
ALTER TABLE `problem`
 ADD PRIMARY KEY (`pid`), ADD UNIQUE KEY `cpid` (`cpid`);

--
-- Indexes for table `scoreboard`
--
ALTER TABLE `scoreboard`
 ADD PRIMARY KEY (`uid`);

--
-- Indexes for table `settings`
--
ALTER TABLE `settings`
 ADD PRIMARY KEY (`status`);

--
-- Indexes for table `submission`
--
ALTER TABLE `submission`
 ADD PRIMARY KEY (`id`);

/*!40101 SET CHARACTER_SET_CLIENT=@OLD_CHARACTER_SET_CLIENT */;
/*!40101 SET CHARACTER_SET_RESULTS=@OLD_CHARACTER_SET_RESULTS */;
/*!40101 SET COLLATION_CONNECTION=@OLD_COLLATION_CONNECTION */;
