-- phpMyAdmin SQL Dump
-- version 4.2.11
-- http://www.phpmyadmin.net
--
-- Host: 127.0.0.1
-- Generation Time: Oct 18, 2016 at 02:26 PM
-- Server version: 5.6.21
-- PHP Version: 5.6.3

SET SQL_MODE = "NO_AUTO_VALUE_ON_ZERO";
SET time_zone = "+00:00";


/*!40101 SET @OLD_CHARACTER_SET_CLIENT=@@CHARACTER_SET_CLIENT */;
/*!40101 SET @OLD_CHARACTER_SET_RESULTS=@@CHARACTER_SET_RESULTS */;
/*!40101 SET @OLD_COLLATION_CONNECTION=@@COLLATION_CONNECTION */;
/*!40101 SET NAMES utf8 */;

--
-- Database: `mosuser`
--

-- --------------------------------------------------------

--
-- Table structure for table `contest`
--

CREATE TABLE IF NOT EXISTS `contest` (
`id` int(11) NOT NULL,
  `name` varchar(100) NOT NULL,
  `uid` int(11) NOT NULL,
  `start` bigint(20) DEFAULT NULL
) ENGINE=InnoDB AUTO_INCREMENT=33 DEFAULT CHARSET=latin1;

--
-- Dumping data for table `contest`
--

INSERT INTO `contest` (`id`, `name`, `uid`, `start`) VALUES
(28, 'NHSPC practice contest 2', 2, 0),
(29, 'BSMRSTU Code Battle-3', 14, 1471940160000),
(30, 'Intra CSE Programming Contest MOCK, SEP 2016', 9, 1473081240000),
(32, 'Intra CSE Programming Contest , SEP 2016', 2, 1473153019939);

-- --------------------------------------------------------

--
-- Table structure for table `judge`
--

CREATE TABLE IF NOT EXISTS `judge` (
  `status` varchar(30) NOT NULL DEFAULT 'off'
) ENGINE=InnoDB DEFAULT CHARSET=latin1;

--
-- Dumping data for table `judge`
--

INSERT INTO `judge` (`status`) VALUES
('on');

-- --------------------------------------------------------

--
-- Table structure for table `language`
--

CREATE TABLE IF NOT EXISTS `language` (
  `id` int(11) NOT NULL,
  `value` varchar(30) NOT NULL
) ENGINE=InnoDB DEFAULT CHARSET=latin1;

--
-- Dumping data for table `language`
--

INSERT INTO `language` (`id`, `value`) VALUES
(1, 'C'),
(2, 'C++'),
(3, 'C++11'),
(4, 'java');

-- --------------------------------------------------------

--
-- Table structure for table `links`
--

CREATE TABLE IF NOT EXISTS `links` (
`auto` int(11) NOT NULL,
  `conid` int(11) NOT NULL,
  `title` varchar(100) NOT NULL,
  `link` varchar(300) NOT NULL
) ENGINE=InnoDB AUTO_INCREMENT=5 DEFAULT CHARSET=latin1;

--
-- Dumping data for table `links`
--

INSERT INTO `links` (`auto`, `conid`, `title`, `link`) VALUES
(2, 28, 'new', 'fb'),
(3, 29, 'FB', 'https://www.facebook.com/'),
(4, 30, 'problems', 'http://192.168.0.69/mock/');

-- --------------------------------------------------------

--
-- Table structure for table `problem`
--

CREATE TABLE IF NOT EXISTS `problem` (
`pid` int(11) NOT NULL,
  `name` varchar(100) NOT NULL,
  `tl` int(11) NOT NULL,
  `ml` int(11) NOT NULL,
  `dscnt` int(11) NOT NULL,
  `status` varchar(30) NOT NULL DEFAULT 'private'
) ENGINE=InnoDB AUTO_INCREMENT=105 DEFAULT CHARSET=latin1;

--
-- Dumping data for table `problem`
--

INSERT INTO `problem` (`pid`, `name`, `tl`, `ml`, `dscnt`, `status`) VALUES
(1, 'a', 1000, 512, 0, 'private'),
(2, 'a', 1000, 512, 0, 'private'),
(3, 'hhsdhsdh', 1000, 512, 0, 'private'),
(4, 'hhsdhsdh', 1000, 512, 0, 'private'),
(5, 'new', 1000, 512, 0, 'private'),
(6, 'first success', 1000, 512, 0, 'private'),
(7, 'dfdf', 1000, 512, 0, 'private'),
(8, 'A deep', 1000, 512, 0, 'private'),
(9, 'Way', 1000, 512, 0, 'private'),
(10, 'To ', 1000, 512, 0, 'private'),
(11, 'Learn', 3000, 1233, 0, 'private'),
(17, 'New', 1000, 512, 0, 'private'),
(18, 'Eid 1', 1000, 512, 0, 'private'),
(19, 'Eid 2', 1000, 512, 0, 'private'),
(20, 'Eid 3', 1000, 512, 0, 'private'),
(21, 'Ant', 0, 0, 2, 'private'),
(27, 'Ball', 1000, 512, 0, 'private'),
(28, 'Cat', 1000, 512, 0, 'private'),
(29, 'Dog', 1000, 512, 0, 'private'),
(30, 'Egg', 1000, 512, 0, 'private'),
(31, 'Asia Cup 2016', 3000, 512, 10, 'private'),
(32, 'Leap Year', 10000, 512, 1, 'private'),
(33, 'Number System', 1000, 512, 1, 'private'),
(34, 'Pyramid of Dreamland', 1000, 512, 1, 'private'),
(40, 'a', 1000, 512, 0, 'private'),
(50, 'Robot Command', 1000, 512, 0, 'private'),
(51, 'SameSymWord', 1000, 512, 0, 'private'),
(52, 'The Mathmatician NusLaAlludba', 1000, 512, 0, 'private'),
(53, 'The Value of X', 1000, 512, 0, 'private'),
(54, 'abc', 1000, 512, 0, 'private'),
(55, 'dfdfdf', 1000, 512, 0, 'private'),
(56, '', 1000, 512, 0, 'private'),
(57, 'one', 1000, 512, 0, 'private'),
(58, 'two', 1000, 512, 0, 'private'),
(77, '', 1000, 512, 0, 'private'),
(78, '', 1000, 512, 0, 'private'),
(79, '', 1000, 512, 0, 'private'),
(80, '', 1000, 512, 0, 'private'),
(81, '', 1000, 512, 0, 'private'),
(82, '', 1000, 512, 0, 'private'),
(83, 'Robot Command', 1000, 512, 1, 'private'),
(84, 'SameSymWorld', 1000, 512, 1, 'private'),
(85, 'The Mathematician NusLaAlludba', 1000, 512, 1, 'private'),
(86, 'The Value of X', 1000, 512, 2, 'private'),
(87, 'Poltu and Math', 1000, 512, 1, 'public'),
(88, 'Poltu and Bit', 1000, 512, 1, 'public'),
(89, 'Number Extraction ', 1000, 512, 1, 'public'),
(90, 'Maximum Frequency ', 1000, 512, 1, 'public'),
(91, 'Mango Seller', 1000, 512, 11, 'public'),
(92, 'School Mathematics ', 1000, 512, 1, 'private'),
(93, 'Who makes Who ? ', 1000, 512, 1, 'private'),
(94, 'Easy as you say !', 1000, 512, 1, 'private'),
(96, 'Easy as you say .... 43,44,?', 7000, 512, 1, 'private'),
(97, 'one', 1000, 512, 1, 'private'),
(98, 'Poltu and Attendance', 1000, 512, 1, 'public'),
(99, 'Poltu and Subsequence', 1000, 512, 1, 'public'),
(100, 'Poltu and LOVE MATRIX', 6000, 512, 1, 'public'),
(101, 'Poltu and Biggest Number', 1000, 512, 1, 'public'),
(102, 'Coin Change', 1000, 512, 1, 'public'),
(103, 'Easy Problem!', 1000, 512, 1, 'public'),
(104, 'Solving Equation', 10000, 512, 1, 'public');

-- --------------------------------------------------------

--
-- Table structure for table `submission`
--

CREATE TABLE IF NOT EXISTS `submission` (
`id` int(11) NOT NULL,
  `pid` int(11) NOT NULL,
  `lang` int(11) NOT NULL,
  `flag` int(11) DEFAULT NULL,
  `runtime` int(11) DEFAULT NULL,
  `arrtime` timestamp NOT NULL DEFAULT CURRENT_TIMESTAMP,
  `hold` bigint(11) DEFAULT NULL,
  `uid` int(11) NOT NULL,
  `conid` int(11) NOT NULL,
  `countable` int(11) NOT NULL DEFAULT '1',
  `uname` varchar(50) NOT NULL DEFAULT 'noname',
  `type` varchar(30) NOT NULL DEFAULT 'unofficial'
) ENGINE=InnoDB AUTO_INCREMENT=889 DEFAULT CHARSET=latin1;

--
-- Dumping data for table `submission`
--

INSERT INTO `submission` (`id`, `pid`, `lang`, `flag`, `runtime`, `arrtime`, `hold`, `uid`, `conid`, `countable`, `uname`, `type`) VALUES
(35, 31, 3, 0, 0, '2016-07-23 11:35:32', 1473080818, 2, 28, 1, 'moshiur.bd', 'official'),
(36, 31, 3, 0, 0, '2016-07-23 12:47:06', 1473080819, 2, 28, 1, 'moshiur.bd', 'official'),
(37, 31, 3, 0, 0, '2016-07-23 12:47:10', 1473080820, 2, 28, 1, 'moshiur.bd', 'official'),
(38, 31, 3, 0, 0, '2016-07-23 12:47:12', 1473080820, 2, 28, 1, 'moshiur.bd', 'official'),
(39, 31, 3, 0, 0, '2016-07-23 12:47:15', 1473080821, 2, 28, 1, 'moshiur.bd', 'official'),
(40, 34, 3, 0, 0, '2016-07-23 12:49:49', 1473080821, 2, 28, 1, 'moshiur.bd', 'official'),
(41, 34, 3, 0, 0, '2016-07-23 12:51:30', 1473080822, 2, 28, 1, 'moshiur.bd', 'official'),
(42, 31, 3, -1, 0, '2016-07-23 14:52:01', 1473080822, 2, 28, 1, 'moshiur.bd', 'official'),
(43, 33, 3, 0, 0, '2016-07-23 14:54:27', 1473080824, 11, 28, 1, 'tnvr', 'official'),
(45, 33, 3, 2, 0, '2016-07-24 04:14:39', 1473080824, 13, 28, 1, 'FakeUser', 'official'),
(46, 33, 3, 0, 0, '2016-07-24 04:16:26', 1473080825, 13, 28, 1, 'FakeUser', 'official'),
(47, 31, 3, 0, 0, '2016-07-24 04:55:56', 1473080825, 9, 28, 1, 'sudipto.bd', 'official'),
(48, 31, 3, 0, 0, '2016-07-24 04:58:00', 1473080826, 9, 28, 1, 'sudipto.bd', 'official'),
(49, 32, 3, -2, 0, '2016-07-24 15:57:13', 1473080826, 2, 28, 1, 'moshiur.bd', 'official'),
(50, 31, 3, 2, 0, '2016-07-25 04:03:16', 1473080827, 2, 28, 1, 'moshiur.bd', 'official'),
(51, 32, 3, 2, 0, '2016-07-25 04:18:19', 1473080827, 13, 28, 1, 'FakeUser', 'official'),
(52, 32, 3, 2, 0, '2016-07-25 04:18:52', 1473080828, 13, 28, 1, 'FakeUser', 'official'),
(53, 32, 3, 0, 0, '2016-07-25 04:19:09', 1473080828, 13, 28, 1, 'FakeUser', 'official'),
(54, 31, 3, 100, 0, '2016-07-25 04:20:13', 1476788677, 13, 28, 1, 'FakeUser', 'official'),
(55, 31, 3, 0, 0, '2016-07-25 04:20:24', 1473080829, 13, 28, 1, 'FakeUser', 'official'),
(56, 31, 3, 2, 0, '2016-07-25 04:25:27', 1473080830, 9, 28, 1, 'sudipto.bd', 'official'),
(57, 32, 3, 2, 0, '2016-07-25 04:26:10', 1473080830, 9, 28, 1, 'sudipto.bd', 'official'),
(58, 31, 3, 0, 0, '2016-07-25 06:20:10', 1473080831, 14, 28, 1, 'skmonir', 'official'),
(59, 31, 3, 0, 0, '2016-07-25 06:20:20', 1473080831, 14, 28, 1, 'skmonir', 'official'),
(60, 31, 3, 0, 0, '2016-07-25 06:20:56', 1473080832, 14, 28, 1, 'skmonir', 'official'),
(61, 31, 3, 0, 0, '2016-07-25 06:49:35', 1473080832, 13, 28, 1, 'FakeUser', 'official'),
(62, 33, 3, 2, 0, '2016-07-25 07:26:10', 1473080833, 13, 28, 1, 'FakeUser', 'official'),
(63, 31, 3, 0, 0, '2016-07-25 08:30:19', 1473080833, 9, 28, 1, 'sudipto.bd', 'official'),
(64, 31, 3, -1, 3104, '2016-07-25 09:54:56', 1473080834, 14, 28, 1, 'skmonir', 'official'),
(65, 31, 3, -2, 0, '2016-07-25 09:55:47', 1473080837, 14, 28, 1, 'skmonir', 'official'),
(66, 31, 3, 2, 0, '2016-07-25 09:57:23', 1473080839, 14, 28, 1, 'skmonir', 'official'),
(67, 31, 3, -2, 0, '2016-07-25 09:58:05', 1473080839, 14, 28, 1, 'skmonir', 'official'),
(68, 31, 3, -2, 0, '2016-07-25 09:58:20', 1473080840, 14, 28, 1, 'skmonir', 'official'),
(69, 31, 3, 0, 0, '2016-07-25 10:01:41', 1473080842, 14, 28, 1, 'skmonir', 'official'),
(70, 31, 3, -2, 0, '2016-07-25 17:23:27', 1473080842, 2, 28, 1, 'moshiur.bd', 'official'),
(71, 31, 3, 2, 0, '2016-07-25 17:23:43', 1473080843, 2, 28, 1, 'moshiur.bd', 'official'),
(72, 32, 3, 0, 0, '2016-07-25 17:29:18', 1473080843, 2, 28, 1, 'moshiur.bd', 'official'),
(73, 32, 3, -1, 10093, '2016-07-25 17:30:48', 1473080843, 2, 28, 1, 'moshiur.bd', 'official'),
(74, 32, 3, -1, 15, '2016-07-25 17:31:38', 1473080854, 2, 28, 1, 'moshiur.bd', 'official'),
(75, 32, 3, -1, 0, '2016-07-25 17:32:30', 1473080854, 2, 28, 1, 'moshiur.bd', 'official'),
(76, 32, 3, -2, 0, '2016-07-25 17:34:06', 1473080855, 2, 28, 1, 'moshiur.bd', 'official'),
(77, 32, 3, -1, 10093, '2016-07-25 17:34:46', 1473080856, 2, 28, 1, 'moshiur.bd', 'official'),
(78, 31, 3, 2, 1310, '2016-07-25 18:19:08', 1473080866, 13, 28, 1, 'FakeUser', 'official'),
(79, 31, 3, -1, 0, '2016-07-26 02:52:41', 1473080868, 2, 28, 1, 'moshiur.bd', 'official'),
(80, 31, 3, -1, 3026, '2016-07-26 02:53:33', 1473080868, 2, 28, 1, 'moshiur.bd', 'official'),
(81, 32, 3, 0, 0, '2016-07-26 02:55:26', 1473080875, 2, 28, 1, 'moshiur.bd', 'official'),
(82, 32, 3, -1, 0, '2016-07-26 02:56:44', 1473080875, 2, 28, 1, 'moshiur.bd', 'official'),
(83, 33, 3, -1, 1092, '2016-07-26 04:01:42', 1473080875, 9, 28, 1, 'sudipto.bd', 'official'),
(84, 33, 3, 100, 0, '2016-07-26 04:03:46', 1473080877, 9, 28, 1, 'sudipto.bd', 'official'),
(85, 31, 3, 100, 0, '2016-07-26 04:05:36', 1473080877, 2, 28, 1, 'moshiur.bd', 'official'),
(86, 31, 3, 2, 0, '2016-07-26 04:06:27', 1473080877, 2, 28, 1, 'moshiur.bd', 'official'),
(87, 31, 3, -1, 3042, '2016-07-26 04:08:51', 1473080878, 2, 28, 1, 'moshiur.bd', 'official'),
(88, 34, 3, -1, 0, '2016-07-26 04:09:22', 1473080881, 9, 28, 1, 'sudipto.bd', 'official'),
(89, 33, 3, -2, 0, '2016-07-26 04:14:20', 1473080881, 9, 28, 1, 'sudipto.bd', 'official'),
(90, 31, 3, -2, 0, '2016-07-26 04:28:14', 1473080883, 2, 28, 1, 'moshiur.bd', 'official'),
(91, 31, 1, 2, 0, '2016-07-26 08:38:38', 1473080885, 2, 28, 1, 'moshiur.bd', 'official'),
(92, 31, 1, -1, 0, '2016-07-26 08:43:21', 1473080885, 2, 28, 1, 'moshiur.bd', 'official'),
(93, 31, 1, -2, 0, '2016-07-26 08:43:41', 1473080885, 2, 28, 1, 'moshiur.bd', 'official'),
(94, 31, 1, -2, 0, '2016-07-26 08:47:37', 1473080886, 2, 28, 1, 'moshiur.bd', 'official'),
(95, 31, 3, -2, 0, '2016-07-26 08:47:55', 1473080886, 2, 28, 1, 'moshiur.bd', 'official'),
(96, 31, 2, -2, 0, '2016-07-26 08:49:00', 1473080887, 2, 28, 1, 'moshiur.bd', 'official'),
(97, 31, 1, -2, 0, '2016-07-26 08:50:04', 1473080888, 2, 28, 1, 'moshiur.bd', 'official'),
(98, 31, 1, -2, 0, '2016-07-26 08:51:09', 1473080888, 2, 28, 1, 'moshiur.bd', 'official'),
(99, 31, 3, -2, 0, '2016-07-26 09:01:30', 1473080888, 2, 28, 1, 'moshiur.bd', 'official'),
(100, 31, 3, -2, 0, '2016-07-26 09:01:33', 1473080890, 2, 28, 1, 'moshiur.bd', 'official'),
(101, 31, 3, -2, 0, '2016-07-26 09:01:36', 1473080891, 2, 28, 1, 'moshiur.bd', 'official'),
(102, 31, 3, -2, 0, '2016-07-26 09:01:38', 1473080893, 2, 28, 1, 'moshiur.bd', 'official'),
(103, 31, 1, -2, 0, '2016-07-26 09:01:48', 1473080894, 2, 28, 1, 'moshiur.bd', 'official'),
(104, 31, 3, 0, 0, '2016-07-26 09:19:13', 1473080894, 2, 28, 1, 'moshiur.bd', 'official'),
(105, 34, 3, 2, 0, '2016-07-26 09:52:18', 1473080895, 13, 28, 1, 'FakeUser', 'official'),
(106, 31, 4, -2, 0, '2016-07-26 11:54:39', 1473080895, 2, 28, 1, 'moshiur.bd', 'official'),
(107, 33, 3, -2, 0, '2016-07-26 12:00:50', 1473080895, 2, 28, 1, 'moshiur.bd', 'official'),
(108, 33, 4, -2, 0, '2016-07-26 12:00:55', 1473080896, 2, 28, 1, 'moshiur.bd', 'official'),
(109, 33, 2, 2, 0, '2016-07-26 12:01:25', 1473080896, 2, 28, 1, 'moshiur.bd', 'official'),
(110, 33, 1, -2, 0, '2016-07-26 12:02:12', 1473080897, 2, 28, 1, 'moshiur.bd', 'official'),
(111, 31, 3, 0, 0, '2016-07-26 14:39:12', 1473080897, 2, 28, 1, 'moshiur.bd', 'official'),
(112, 31, 3, 0, 0, '2016-07-26 14:56:38', 1473080897, 2, 28, 1, 'moshiur.bd', 'official'),
(113, 31, 3, -1, 0, '2016-07-27 04:33:16', 1473080898, 13, 28, 1, 'FakeUser', 'official'),
(114, 31, 3, -1, 0, '2016-07-27 04:34:32', 1473080899, 13, 28, 1, 'FakeUser', 'official'),
(115, 31, 3, 0, 0, '2016-07-28 02:49:40', 1473080899, 2, 28, 1, 'moshiur.bd', 'official'),
(116, 31, 3, 2, 0, '2016-07-30 07:19:11', 1473080900, 2, 28, 1, 'moshiur.bd', 'official'),
(117, 31, 3, -1, 0, '2016-07-30 07:22:51', 1473080900, 2, 28, 1, 'moshiur.bd', 'official'),
(118, 31, 3, 0, 0, '2016-07-30 07:23:22', 1473080900, 2, 28, 1, 'moshiur.bd', 'official'),
(119, 31, 3, 0, 0, '2016-07-31 02:33:36', 1473080901, 2, 28, 1, 'moshiur.bd', 'official'),
(120, 31, 3, 0, 0, '2016-07-31 02:41:41', 1473080902, 2, 28, 1, 'moshiur.bd', 'official'),
(121, 31, 3, 0, 0, '2016-07-31 03:04:54', 1473080902, 2, 28, 1, 'moshiur.bd', 'official'),
(122, 31, 3, 0, 0, '2016-08-01 14:56:45', 1473080903, 9, 28, 1, 'sudipto.bd', 'official'),
(123, 31, 3, 0, 0, '2016-08-01 14:57:29', 1473080903, 9, 28, 1, 'sudipto.bd', 'official'),
(124, 31, 3, 0, 0, '2016-08-01 14:58:50', 1473080904, 9, 28, 1, 'sudipto.bd', 'official'),
(125, 31, 3, 2, 889, '2016-08-09 17:29:03', 1473080904, 2, 28, 1, 'moshiur.bd', 'official'),
(126, 84, 3, 0, 187, '2016-08-10 09:34:11', 1473080906, 2, 28, 1, 'moshiur.bd', 'official'),
(127, 84, 3, 0, 15, '2016-08-10 09:35:49', 1473080907, 2, 28, 1, 'moshiur.bd', 'official'),
(128, 31, 3, -1, 0, '2016-08-10 09:38:31', 1473080907, 2, 28, 1, 'moshiur.bd', 'official'),
(129, 84, 3, 0, 171, '2016-08-10 09:45:30', 1473080907, 2, 28, 1, 'moshiur.bd', 'official'),
(130, 84, 3, 0, 187, '2016-08-10 09:45:57', 1473080908, 2, 28, 1, 'moshiur.bd', 'official'),
(131, 31, 3, 2, 889, '2016-08-10 12:17:22', 1473080909, 2, 28, 1, 'moshiur.bd', 'official'),
(132, 31, 3, 2, 889, '2016-08-10 12:17:33', 1473080910, 2, 28, 1, 'moshiur.bd', 'official'),
(133, 31, 2, 2, 889, '2016-08-10 12:17:37', 1473080911, 2, 28, 1, 'moshiur.bd', 'official'),
(134, 31, 1, -2, 0, '2016-08-10 12:17:42', 1473080913, 2, 28, 1, 'moshiur.bd', 'official'),
(135, 84, 3, 0, 140, '2016-08-10 13:16:52', 1473080913, 2, 28, 1, 'moshiur.bd', 'official'),
(136, 31, 3, -1, 0, '2016-08-11 03:19:05', 1473080913, 43, 28, 1, 'newid', 'official'),
(137, 31, 1, -1, 0, '2016-08-11 03:20:41', 1473080914, 40, 28, 1, 'prodipdatta7', 'official'),
(138, 31, 3, -1, 0, '2016-08-11 03:21:35', 1473080914, 42, 28, 1, 'aim_to_miss', 'official'),
(139, 31, 3, -1, 0, '2016-08-11 03:22:16', 1473080915, 42, 28, 1, 'aim_to_miss', 'official'),
(140, 31, 1, -1, 0, '2016-08-11 03:29:37', 1473080915, 44, 28, 1, 'Ramprosad', 'official'),
(141, 31, 1, -1, 3026, '2016-08-11 03:31:53', 1473080916, 44, 28, 1, 'Ramprosad', 'official'),
(142, 32, 3, 2, 0, '2016-08-11 03:32:03', 1473080921, 42, 28, 1, 'aim_to_miss', 'official'),
(143, 32, 3, -1, 10046, '2016-08-11 03:32:44', 1473080921, 42, 28, 1, 'aim_to_miss', 'official'),
(144, 33, 3, 2, 31, '2016-08-11 03:38:08', 1473080932, 42, 28, 1, 'aim_to_miss', 'official'),
(145, 33, 3, -1, 1029, '2016-08-11 03:38:47', 1473080932, 42, 28, 1, 'aim_to_miss', 'official'),
(146, 32, 1, 2, 0, '2016-08-11 03:40:06', 1473080934, 40, 28, 1, 'prodipdatta7', 'official'),
(147, 31, 1, -1, 0, '2016-08-11 03:44:16', 1473080935, 44, 28, 1, 'Ramprosad', 'official'),
(148, 31, 1, -1, 0, '2016-08-11 03:45:57', 1473080935, 41, 28, 1, 'mesbaulbsmrstu', 'official'),
(149, 32, 1, 2, 0, '2016-08-11 03:46:03', 1473080936, 40, 28, 1, 'prodipdatta7', 'official'),
(150, 31, 1, -1, 0, '2016-08-11 03:47:24', 1473080936, 44, 28, 1, 'Ramprosad', 'official'),
(151, 32, 1, -1, 0, '2016-08-11 03:47:46', 1473080937, 40, 28, 1, 'prodipdatta7', 'official'),
(152, 31, 1, -1, 0, '2016-08-11 03:48:07', 1473080937, 41, 28, 1, 'mesbaulbsmrstu', 'official'),
(153, 31, 1, 0, 0, '2016-08-11 03:48:07', 1473080938, 45, 28, 1, 'loosercoder', 'official'),
(154, 34, 3, -1, 0, '2016-08-11 03:48:21', 1473080938, 42, 28, 1, 'aim_to_miss', 'official'),
(155, 34, 3, 2, 436, '2016-08-11 03:49:54', 1473080939, 42, 28, 1, 'aim_to_miss', 'official'),
(156, 31, 1, -1, 0, '2016-08-11 03:51:08', 1473080940, 44, 28, 1, 'Ramprosad', 'official'),
(157, 33, 1, -1, 0, '2016-08-11 03:51:34', 1473080940, 40, 28, 1, 'prodipdatta7', 'official'),
(158, 33, 1, -1, 0, '2016-08-11 03:52:15', 1473080941, 40, 28, 1, 'prodipdatta7', 'official'),
(159, 31, 1, 2, 0, '2016-08-11 03:52:32', 1473080941, 44, 28, 1, 'Ramprosad', 'official'),
(160, 34, 3, -1, 0, '2016-08-11 03:52:42', 1473080942, 42, 28, 1, 'aim_to_miss', 'official'),
(161, 31, 1, 2, 0, '2016-08-11 03:55:49', 1473080942, 44, 28, 1, 'Ramprosad', 'official'),
(162, 32, 1, 2, 0, '2016-08-11 04:01:12', 1473080943, 45, 28, 1, 'loosercoder', 'official'),
(163, 31, 1, -2, 0, '2016-08-11 04:05:30', 1473080943, 46, 28, 1, 'Jakia', 'official'),
(164, 32, 1, 0, 0, '2016-08-11 04:39:49', 1473080943, 44, 28, 1, 'Ramprosad', 'official'),
(165, 88, 1, 0, 0, '2016-08-23 04:21:35', 1471934948, 2, 29, 1, 'moshiur.bd', 'official'),
(166, 89, 1, 0, 15, '2016-08-23 03:03:27', 1472991927, 2, 29, 1, 'moshiur.bd', 'official'),
(167, 90, 1, 0, 15, '2016-08-23 03:04:26', 1471935869, 2, 29, 1, 'moshiur.bd', 'official'),
(168, 91, 1, 0, 46, '2016-08-23 03:06:13', 1471935975, 2, 29, 1, 'moshiur.bd', 'official'),
(169, 91, 3, 0, 218, '2016-08-23 03:06:52', 1471936014, 2, 29, 1, 'moshiur.bd', 'official'),
(170, 87, 1, 0, 0, '2016-08-23 03:07:18', 1471936039, 2, 29, 1, 'moshiur.bd', 'official'),
(171, 87, 3, 2, 0, '2016-08-23 03:08:07', 1471936088, 2, 29, 1, 'moshiur.bd', 'official'),
(172, 87, 1, 0, 0, '2016-08-30 03:51:50', 1472543512, 49, 29, 1, 'msiamn', 'official'),
(173, 88, 1, 2, 0, '2016-08-30 03:57:38', 1472543863, 49, 29, 1, 'msiamn', 'official'),
(174, 87, 3, 0, 0, '2016-09-04 00:19:02', 1472962744, 50, 29, 1, 'jisan047', 'official'),
(175, 88, 3, 0, 15, '2016-09-04 00:32:59', 1472963579, 50, 29, 1, 'jisan047', 'official'),
(176, 89, 3, 0, 31, '2016-09-04 00:42:32', 1472991927, 50, 29, 1, 'jisan047', 'official'),
(177, 89, 3, 2, 46, '2016-09-04 00:43:40', 1472991927, 50, 29, 1, 'jisan047', 'official'),
(178, 89, 3, 0, 31, '2016-09-04 00:44:38', 1472991928, 50, 29, 1, 'jisan047', 'official'),
(179, 89, 3, 0, 15, '2016-09-04 00:52:57', 1472991928, 50, 29, 1, 'jisan047', 'official'),
(180, 90, 3, 2, 31, '2016-09-04 01:04:04', 1472965450, 50, 29, 1, 'jisan047', 'official'),
(181, 90, 3, 2, 46, '2016-09-04 01:11:09', 1472965872, 50, 29, 1, 'jisan047', 'official'),
(182, 89, 3, 0, 0, '2016-09-04 01:11:12', 1472991928, 50, 29, 1, 'jisan047', 'official'),
(183, 90, 3, 2, 31, '2016-09-04 01:13:26', 1472966008, 50, 29, 1, 'jisan047', 'official'),
(184, 90, 3, 2, 46, '2016-09-04 01:18:30', 1472966311, 50, 29, 1, 'jisan047', 'official'),
(185, 31, 2, 0, 0, '2016-09-04 08:43:13', 1473080944, 53, 28, 1, 'azizul300', 'official'),
(186, 90, 3, 2, 31, '2016-09-04 08:43:13', 1472993001, 50, 29, 1, 'jisan047', 'official'),
(187, 87, 2, 0, 0, '2016-09-04 08:45:38', 1472993142, 51, 29, 1, 'ehsan_sshuvo', 'official'),
(188, 87, 1, 2, 0, '2016-09-04 08:47:25', 1472993248, 40, 29, 1, 'prodipdatta7', 'official'),
(189, 87, 3, 0, 0, '2016-09-04 08:47:40', 1472993263, 55, 29, 1, '123', 'official'),
(190, 87, 1, 0, 0, '2016-09-04 08:50:42', 1472993446, 40, 29, 1, 'prodipdatta7', 'official'),
(191, 90, 3, 0, 31, '2016-09-04 08:50:48', 1472993454, 50, 29, 1, 'jisan047', 'official'),
(192, 91, 1, 2, 109, '2016-09-04 08:53:07', 1472993589, 58, 29, 1, 'alaminv2', 'official'),
(193, 87, 3, 0, 0, '2016-09-04 08:53:34', 1472993617, 58, 29, 1, 'alaminv2', 'official'),
(194, 87, 2, 0, 0, '2016-09-04 08:54:04', 1472993646, 56, 29, 1, 'Ramprosad49', 'official'),
(195, 90, 2, 0, 15, '2016-09-04 08:54:16', 1472993661, 51, 29, 1, 'ehsan_sshuvo', 'official'),
(196, 87, 2, 2, 15, '2016-09-04 08:56:27', 1472993788, 53, 29, 1, 'azizul300', 'official'),
(197, 87, 2, 0, 0, '2016-09-04 08:58:10', 1472993894, 53, 29, 1, 'azizul300', 'official'),
(198, 87, 2, 2, 0, '2016-09-04 08:59:16', 1472993958, 57, 29, 1, 'Jahidul_Afrad', 'official'),
(199, 31, 3, 0, 0, '2016-09-04 09:00:56', 1473080945, 63, 28, 1, 'anamika', 'official'),
(200, 87, 1, -1, 1029, '2016-09-04 09:01:56', 1472994121, 52, 29, 1, 'SM PORAG', 'official'),
(201, 87, 3, -1, 1045, '2016-09-04 09:03:32', 1472994214, 52, 29, 1, 'SM PORAG', 'official'),
(202, 87, 1, -1, 1076, '2016-09-04 09:04:02', 1472994244, 54, 29, 1, 'Jairul', 'official'),
(203, 87, 2, 2, 0, '2016-09-04 09:04:39', 1472994281, 57, 29, 1, 'Jahidul_Afrad', 'official'),
(204, 87, 1, 0, 0, '2016-09-04 09:05:36', 1472994338, 54, 29, 1, 'Jairul', 'official'),
(205, 91, 3, 0, 218, '2016-09-04 09:06:33', 1472994394, 50, 29, 1, 'jisan047', 'official'),
(206, 87, 1, 2, 0, '2016-09-04 09:07:01', 1472994427, 45, 29, 1, 'loosercoder', 'official'),
(207, 87, 1, -1, 1013, '2016-09-04 09:07:23', 1472994448, 52, 29, 1, 'SM PORAG', 'official'),
(208, 31, 3, 0, 0, '2016-09-04 09:08:18', 1473080946, 62, 28, 1, 'pallab', 'official'),
(209, 87, 2, 0, 0, '2016-09-04 09:08:39', 1472994521, 57, 29, 1, 'Jahidul_Afrad', 'official'),
(210, 89, 3, 0, 124, '2016-09-04 09:08:44', 1472994529, 56, 29, 1, 'Ramprosad49', 'official'),
(211, 87, 1, -1, 1029, '2016-09-04 09:09:13', 1472994559, 52, 29, 1, 'SM PORAG', 'official'),
(212, 87, 1, 2, 0, '2016-09-04 09:10:35', 1472994638, 45, 29, 1, 'loosercoder', 'official'),
(213, 87, 1, -1, 1060, '2016-09-04 09:11:06', 1472994666, 52, 29, 1, 'SM PORAG', 'official'),
(214, 89, 3, 0, 15, '2016-09-04 09:12:15', 1472994738, 50, 29, 1, 'jisan047', 'official'),
(215, 87, 1, 2, 0, '2016-09-04 09:12:26', 1472994747, 45, 29, 1, 'loosercoder', 'official'),
(216, 87, 1, -1, 0, '2016-09-04 09:12:33', 1472994754, 52, 29, 1, 'SM PORAG', 'official'),
(217, 87, 1, 2, 0, '2016-09-04 09:14:15', 1472994860, 45, 29, 1, 'loosercoder', 'official'),
(218, 87, 1, 0, 0, '2016-09-04 09:14:47', 1472994889, 52, 29, 1, 'SM PORAG', 'official'),
(219, 89, 2, 0, 0, '2016-09-04 09:17:06', 1472995029, 57, 29, 1, 'Jahidul_Afrad', 'official'),
(220, 90, 3, 0, 15, '2016-09-04 09:17:23', 1472995044, 55, 29, 1, '123', 'official'),
(221, 90, 1, 2, 0, '2016-09-04 09:21:38', 1472995305, 40, 29, 1, 'prodipdatta7', 'official'),
(222, 90, 1, 0, 0, '2016-09-04 09:23:40', 1472995424, 40, 29, 1, 'prodipdatta7', 'official'),
(223, 87, 1, 0, 0, '2016-09-04 09:24:22', 1472995467, 45, 29, 1, 'loosercoder', 'official'),
(224, 89, 3, 0, 15, '2016-09-04 09:24:49', 1472995495, 55, 29, 1, '123', 'official'),
(225, 89, 3, 2, 15, '2016-09-04 09:27:32', 1472995658, 50, 29, 1, 'jisan047', 'official'),
(226, 89, 3, 0, 15, '2016-09-04 09:28:19', 1472995701, 50, 29, 1, 'jisan047', 'official'),
(227, 90, 2, 2, 0, '2016-09-04 09:30:55', 1472995857, 57, 29, 1, 'Jahidul_Afrad', 'official'),
(228, 88, 3, 2, 15, '2016-09-04 09:32:35', 1472995955, 56, 29, 1, 'Ramprosad49', 'official'),
(229, 90, 3, 2, 15, '2016-09-04 09:33:07', 1472995992, 57, 29, 1, 'Jahidul_Afrad', 'official'),
(230, 90, 2, 2, 15, '2016-09-04 09:33:30', 1472996014, 57, 29, 1, 'Jahidul_Afrad', 'official'),
(231, 88, 2, 2, 0, '2016-09-04 09:33:57', 1472996042, 53, 29, 1, 'azizul300', 'official'),
(232, 32, 1, 0, 0, '2016-09-04 09:34:22', 1473080946, 62, 28, 1, 'pallab', 'official'),
(233, 90, 3, 2, 15, '2016-09-04 09:34:32', 1472996079, 57, 29, 1, 'Jahidul_Afrad', 'official'),
(234, 87, 3, 0, 0, '2016-09-04 09:35:09', 1472996115, 63, 29, 1, 'anamika', 'official'),
(235, 89, 3, 0, 46, '2016-09-04 09:35:28', 1472996129, 53, 29, 1, 'azizul300', 'official'),
(236, 89, 3, 0, 31, '2016-09-04 09:35:47', 1472996152, 53, 29, 1, 'azizul300', 'official'),
(237, 88, 3, 2, 0, '2016-09-04 09:38:37', 1472996321, 55, 29, 1, '123', 'official'),
(238, 84, 3, 2, 15, '2016-09-04 09:39:49', 1473080947, 50, 28, 1, 'jisan047', 'official'),
(239, 88, 3, 0, 0, '2016-09-04 09:43:19', 1472996604, 55, 29, 1, '123', 'official'),
(240, 88, 3, 0, 15, '2016-09-04 09:43:29', 1472996613, 56, 29, 1, 'Ramprosad49', 'official'),
(241, 90, 3, 2, 0, '2016-09-04 09:43:43', 1472996629, 57, 29, 1, 'Jahidul_Afrad', 'official'),
(242, 87, 3, 2, 0, '2016-09-04 09:49:00', 1472996945, 62, 29, 1, 'pallab', 'official'),
(243, 91, 2, 2, 826, '2016-09-04 09:52:04', 1472997127, 51, 29, 1, 'ehsan_sshuvo', 'official'),
(244, 90, 3, 2, 31, '2016-09-04 09:53:14', 1472997199, 53, 29, 1, 'azizul300', 'official'),
(245, 87, 3, 0, 0, '2016-09-04 09:53:51', 1472997236, 62, 29, 1, 'pallab', 'official'),
(246, 91, 1, 0, 62, '2016-09-04 09:56:22', 1472997383, 40, 29, 1, 'prodipdatta7', 'official'),
(247, 84, 3, 2, 15, '2016-09-04 09:57:05', 1473080947, 50, 28, 1, 'jisan047', 'official'),
(248, 90, 3, 0, 0, '2016-09-04 09:59:06', 1472997547, 57, 29, 1, 'Jahidul_Afrad', 'official'),
(249, 91, 3, 2, 561, '2016-09-04 09:59:11', 1472997555, 55, 29, 1, '123', 'official'),
(250, 90, 3, 0, 0, '2016-09-04 10:02:03', 1472997725, 56, 29, 1, 'Ramprosad49', 'official'),
(251, 91, 3, 0, 561, '2016-09-04 10:08:27', 1472998112, 55, 29, 1, '123', 'official'),
(252, 87, 3, 0, 0, '2016-09-04 10:13:35', 1472998420, 42, 29, 1, 'aim_to_miss', 'official'),
(253, 88, 3, 0, 15, '2016-09-04 10:14:02', 1472998443, 42, 29, 1, 'aim_to_miss', 'official'),
(254, 89, 3, 0, 15, '2016-09-04 10:14:28', 1472998473, 42, 29, 1, 'aim_to_miss', 'official'),
(255, 90, 3, 0, 31, '2016-09-04 10:14:53', 1472998495, 42, 29, 1, 'aim_to_miss', 'official'),
(256, 91, 3, 0, 546, '2016-09-04 10:15:15', 1472998518, 42, 29, 1, 'aim_to_miss', 'official'),
(257, 91, 2, 0, 546, '2016-09-04 10:17:34', 1472998658, 51, 29, 1, 'ehsan_sshuvo', 'official'),
(258, 90, 3, 0, 31, '2016-09-04 10:34:23', 1472999665, 53, 29, 1, 'azizul300', 'official'),
(259, 89, 1, -1, 62, '2016-09-05 03:32:46', 1473060769, 40, 29, 1, 'prodipdatta7', 'official'),
(260, 89, 1, 0, 0, '2016-09-05 03:35:27', 1473060930, 40, 29, 1, 'prodipdatta7', 'official'),
(261, 88, 1, 2, 15, '2016-09-05 03:52:13', 1473061939, 40, 29, 1, 'prodipdatta7', 'official'),
(262, 88, 1, 2, 0, '2016-09-05 03:54:55', 1473062101, 40, 29, 1, 'prodipdatta7', 'official'),
(263, 88, 1, 2, 0, '2016-09-05 03:59:43', 1473062389, 40, 29, 1, 'prodipdatta7', 'official'),
(264, 88, 1, 2, 0, '2016-09-05 04:01:47', 1473062508, 40, 29, 1, 'prodipdatta7', 'official'),
(265, 88, 1, 0, 0, '2016-09-05 04:08:49', 1473062936, 40, 29, 1, 'prodipdatta7', 'official'),
(266, 91, 3, 0, 468, '2016-09-05 04:13:38', 1473063223, 56, 29, 1, 'Ramprosad49', 'official'),
(267, 89, 1, -1, 46, '2016-09-05 04:15:54', 1473063360, 45, 29, 1, 'loosercoder', 'official'),
(268, 89, 1, 0, 0, '2016-09-05 04:17:24', 1473063445, 45, 29, 1, 'loosercoder', 'official'),
(269, 89, 3, 0, 124, '2016-09-05 04:30:25', 1473064230, 63, 29, 1, 'anamika', 'official'),
(270, 86, 3, 2, 124, '2016-09-05 04:36:36', 1473080952, 56, 28, 1, 'Ramprosad49', 'official'),
(271, 88, 3, 2, 0, '2016-09-05 05:02:07', 1473066130, 63, 29, 1, 'anamika', 'official'),
(272, 88, 1, 2, 0, '2016-09-05 05:08:28', 1473066509, 45, 29, 1, 'loosercoder', 'official'),
(273, 88, 1, 0, 15, '2016-09-05 05:09:30', 1473066572, 45, 29, 1, 'loosercoder', 'official'),
(274, 88, 3, 0, 0, '2016-09-05 05:13:41', 1473066825, 63, 29, 1, 'anamika', 'official'),
(275, 90, 1, 2, 0, '2016-09-05 05:37:38', 1473068260, 45, 29, 1, 'loosercoder', 'official'),
(276, 31, 3, 0, 0, '2016-09-05 07:21:03', 1473080948, 56, 28, 1, 'Ramprosad49', 'official'),
(277, 32, 3, 0, 0, '2016-09-05 07:30:56', 1473080949, 56, 28, 1, 'Ramprosad49', 'official'),
(278, 33, 3, 0, 0, '2016-09-05 07:43:25', 1473080949, 56, 28, 1, 'Ramprosad49', 'official'),
(279, 34, 3, 0, 15, '2016-09-05 07:59:23', 1473080950, 56, 28, 1, 'Ramprosad49', 'official'),
(280, 87, 3, 2, 0, '2016-09-05 08:08:50', 1473077335, 41, 29, 1, 'mesbaulbsmrstu', 'official'),
(281, 83, 3, 2, 0, '2016-09-05 08:11:50', 1473080951, 56, 28, 1, 'Ramprosad49', 'official'),
(282, 87, 3, 0, 0, '2016-09-05 08:12:30', 1473077554, 41, 29, 1, 'mesbaulbsmrstu', 'official'),
(283, 83, 3, 0, 0, '2016-09-05 08:14:35', 1473080951, 56, 28, 1, 'Ramprosad49', 'official'),
(284, 84, 3, 2, 15, '2016-09-05 08:55:45', 1473080952, 56, 28, 1, 'Ramprosad49', 'official'),
(285, 84, 3, 0, 15, '2016-09-05 09:00:13', 1473080952, 56, 28, 1, 'Ramprosad49', 'official'),
(286, 88, 3, 0, 0, '2016-09-05 09:06:35', 1473080796, 41, 29, 1, 'mesbaulbsmrstu', 'official'),
(287, 87, 3, 2, 15, '2016-09-05 09:07:39', 1473080953, 65, 29, 1, 'Nur_Alam39', 'official'),
(288, 92, 3, 0, 0, '2016-09-05 09:17:34', 1473081749, 53, 30, 1, 'azizul300', 'official'),
(289, 92, 3, 0, 0, '2016-09-05 09:17:58', 1473081749, 50, 30, 1, 'jisan047', 'official'),
(290, 92, 2, 0, 0, '2016-09-05 09:18:25', 1473081750, 51, 30, 1, 'ehsan_sshuvo', 'official'),
(291, 92, 1, 0, 0, '2016-09-05 09:18:26', 1473081750, 40, 30, 1, 'prodipdatta7', 'official'),
(292, 92, 3, 0, 0, '2016-09-05 09:18:49', 1473081750, 56, 30, 1, 'Ramprosad49', 'official'),
(293, 92, 3, 2, 0, '2016-09-05 09:19:04', 1473081751, 65, 30, 1, 'Nur_Alam39', 'official'),
(294, 92, 3, 0, 0, '2016-09-05 09:19:48', 1473081751, 66, 30, 1, 'avijit035', 'official'),
(295, 92, 3, 0, 0, '2016-09-05 09:19:53', 1473081752, 41, 30, 1, 'mesbaulbsmrstu', 'official'),
(296, 93, 3, 0, 0, '2016-09-05 09:20:37', 1473081752, 50, 30, 1, 'jisan047', 'official'),
(297, 92, 3, 0, 0, '2016-09-05 09:20:48', 1473081752, 64, 30, 1, 'sanjit', 'official'),
(298, 94, 3, 2, 0, '2016-09-05 09:21:44', 1473083234, 50, 30, 1, 'jisan047', 'official'),
(299, 94, 3, 2, 15, '2016-09-05 09:21:54', 1473083234, 53, 30, 1, 'azizul300', 'official'),
(300, 92, 1, 2, 0, '2016-09-05 09:23:06', 1473081788, 57, 30, 1, 'Jahidul_Afrad', 'official'),
(301, 93, 2, 0, 0, '2016-09-05 09:23:09', 1473081796, 51, 30, 1, 'ehsan_sshuvo', 'official'),
(302, 93, 1, 0, 0, '2016-09-05 09:23:22', 1473081804, 40, 30, 1, 'prodipdatta7', 'official'),
(303, 92, 1, 2, 0, '2016-09-05 09:24:06', 1473081846, 57, 30, 1, 'Jahidul_Afrad', 'official'),
(304, 94, 1, 2, 0, '2016-09-05 09:24:14', 1473083234, 40, 30, 1, 'prodipdatta7', 'official'),
(305, 93, 3, 0, 15, '2016-09-05 09:24:36', 1473081882, 41, 30, 1, 'mesbaulbsmrstu', 'official'),
(306, 94, 3, 2, 0, '2016-09-05 09:24:37', 1473083235, 64, 30, 1, 'sanjit', 'official'),
(307, 92, 2, 2, 0, '2016-09-05 09:24:51', 1473081892, 65, 30, 1, 'Nur_Alam39', 'official'),
(308, 94, 1, 2, 0, '2016-09-05 09:24:54', 1473083235, 40, 30, 1, 'prodipdatta7', 'official'),
(309, 94, 2, 2, 0, '2016-09-05 09:25:18', 1473083235, 51, 30, 1, 'ehsan_sshuvo', 'official'),
(310, 92, 1, 0, 0, '2016-09-05 09:25:24', 1473081929, 57, 30, 1, 'Jahidul_Afrad', 'official'),
(311, 92, 2, 2, 0, '2016-09-05 09:25:56', 1473081957, 65, 30, 1, 'Nur_Alam39', 'official'),
(312, 94, 1, 2, 0, '2016-09-05 09:25:57', 1473083235, 40, 30, 1, 'prodipdatta7', 'official'),
(313, 94, 3, 2, 0, '2016-09-05 09:26:04', 1473083236, 41, 30, 1, 'mesbaulbsmrstu', 'official'),
(314, 94, 3, 2, 0, '2016-09-05 09:26:11', 1473083236, 50, 30, 1, 'jisan047', 'official'),
(315, 94, 3, 2, 0, '2016-09-05 09:26:57', 1473083236, 50, 30, 1, 'jisan047', 'official'),
(316, 94, 1, 2, 0, '2016-09-05 09:27:19', 1473083237, 40, 30, 1, 'prodipdatta7', 'official'),
(317, 93, 3, 0, 0, '2016-09-05 09:27:57', 1473082081, 53, 30, 1, 'azizul300', 'official'),
(318, 94, 1, 2, 0, '2016-09-05 09:28:00', 1473083237, 40, 30, 1, 'prodipdatta7', 'official'),
(319, 94, 3, -1, 1060, '2016-09-05 09:28:31', 1473083237, 50, 30, 1, 'jisan047', 'official'),
(320, 94, 3, 2, 0, '2016-09-05 09:28:33', 1473083239, 41, 30, 1, 'mesbaulbsmrstu', 'official'),
(321, 93, 3, 0, 0, '2016-09-05 09:28:40', 1473082122, 56, 30, 1, 'Ramprosad49', 'official'),
(322, 94, 1, 2, 0, '2016-09-05 09:28:44', 1473083240, 40, 30, 1, 'prodipdatta7', 'official'),
(323, 93, 3, 2, 0, '2016-09-05 09:28:46', 1473082131, 64, 30, 1, 'sanjit', 'official'),
(324, 94, 1, 2, 0, '2016-09-05 09:29:14', 1473083240, 40, 30, 1, 'prodipdatta7', 'official'),
(325, 92, 3, 0, 15, '2016-09-05 09:29:22', 1473082168, 55, 30, 1, '123', 'official'),
(326, 93, 3, 2, 0, '2016-09-05 09:30:10', 1473082212, 66, 30, 1, 'avijit035', 'official'),
(327, 94, 3, 2, 0, '2016-09-05 09:30:13', 1473083240, 53, 30, 1, 'azizul300', 'official'),
(328, 94, 1, 2, 0, '2016-09-05 09:30:59', 1473083241, 40, 30, 1, 'prodipdatta7', 'official'),
(329, 94, 3, 2, 0, '2016-09-05 09:31:11', 1473083241, 56, 30, 1, 'Ramprosad49', 'official'),
(330, 94, 3, 2, 0, '2016-09-05 09:31:18', 1473083241, 50, 30, 1, 'jisan047', 'official'),
(331, 93, 1, 0, 0, '2016-09-05 09:31:25', 1473082289, 57, 30, 1, 'Jahidul_Afrad', 'official'),
(332, 93, 3, 2, 0, '2016-09-05 09:31:47', 1473082310, 64, 30, 1, 'sanjit', 'official'),
(333, 93, 3, 0, 0, '2016-09-05 09:32:06', 1473082333, 66, 30, 1, 'avijit035', 'official'),
(334, 94, 3, 2, 15, '2016-09-05 09:32:06', 1473083241, 53, 30, 1, 'azizul300', 'official'),
(335, 94, 3, 2, 0, '2016-09-05 09:32:29', 1473083242, 50, 30, 1, 'jisan047', 'official'),
(336, 94, 3, 2, 0, '2016-09-05 09:32:48', 1473083242, 41, 30, 1, 'mesbaulbsmrstu', 'official'),
(337, 93, 3, 0, 0, '2016-09-05 09:33:31', 1473082415, 65, 30, 1, 'Nur_Alam39', 'official'),
(338, 94, 3, 2, 0, '2016-09-05 09:34:03', 1473083242, 50, 30, 1, 'jisan047', 'official'),
(339, 94, 1, 2, 0, '2016-09-05 09:34:03', 1473083243, 40, 30, 1, 'prodipdatta7', 'official'),
(340, 94, 3, 2, 0, '2016-09-05 09:34:50', 1473083243, 56, 30, 1, 'Ramprosad49', 'official'),
(341, 94, 2, 2, 0, '2016-09-05 09:34:54', 1473083243, 51, 30, 1, 'ehsan_sshuvo', 'official'),
(342, 92, 3, 0, 0, '2016-09-05 09:35:16', 1473082519, 65, 30, 1, 'Nur_Alam39', 'official'),
(343, 93, 3, 0, 0, '2016-09-05 09:35:21', 1473082528, 55, 30, 1, '123', 'official'),
(344, 93, 3, 0, 0, '2016-09-05 09:35:26', 1473082530, 64, 30, 1, 'sanjit', 'official'),
(345, 94, 3, 2, 0, '2016-09-05 09:35:47', 1473083243, 50, 30, 1, 'jisan047', 'official'),
(346, 94, 1, 2, 0, '2016-09-05 09:36:22', 1473083244, 40, 30, 1, 'prodipdatta7', 'official'),
(347, 94, 3, 2, 0, '2016-09-05 09:36:27', 1473083244, 50, 30, 1, 'jisan047', 'official'),
(348, 94, 2, 2, 0, '2016-09-05 09:36:51', 1473083244, 51, 30, 1, 'ehsan_sshuvo', 'official'),
(349, 94, 1, 2, 0, '2016-09-05 09:37:44', 1473083245, 40, 30, 1, 'prodipdatta7', 'official'),
(350, 94, 3, 2, 0, '2016-09-05 09:37:54', 1473083245, 50, 30, 1, 'jisan047', 'official'),
(351, 94, 1, 2, 0, '2016-09-05 09:38:08', 1473083245, 40, 30, 1, 'prodipdatta7', 'official'),
(352, 94, 2, 2, 0, '2016-09-05 09:38:16', 1473083246, 51, 30, 1, 'ehsan_sshuvo', 'official'),
(353, 94, 3, 2, 0, '2016-09-05 09:38:18', 1473083246, 65, 30, 1, 'Nur_Alam39', 'official'),
(354, 94, 3, 2, 0, '2016-09-05 09:38:23', 1473083246, 50, 30, 1, 'jisan047', 'official'),
(355, 94, 3, 2, 0, '2016-09-05 09:38:31', 1473083247, 41, 30, 1, 'mesbaulbsmrstu', 'official'),
(356, 94, 3, 2, 0, '2016-09-05 09:39:07', 1473083247, 65, 30, 1, 'Nur_Alam39', 'official'),
(357, 94, 3, 2, 15, '2016-09-05 09:39:42', 1473083247, 50, 30, 1, 'jisan047', 'official'),
(358, 94, 1, 2, 0, '2016-09-05 09:40:17', 1473083247, 40, 30, 1, 'prodipdatta7', 'official'),
(359, 94, 3, 2, 0, '2016-09-05 09:40:47', 1473083248, 41, 30, 1, 'mesbaulbsmrstu', 'official'),
(360, 94, 3, 2, 0, '2016-09-05 09:44:01', 1473083248, 65, 30, 1, 'Nur_Alam39', 'official'),
(361, 94, 3, 0, 0, '2016-09-05 09:45:43', 1473083248, 50, 30, 1, 'jisan047', 'official'),
(362, 94, 3, 2, 0, '2016-09-05 09:46:03', 1473083249, 66, 30, 1, 'avijit035', 'official'),
(363, 94, 3, 0, 0, '2016-09-05 09:46:33', 1473083249, 64, 30, 1, 'sanjit', 'official'),
(364, 94, 3, 2, 0, '2016-09-05 09:47:25', 1473083250, 66, 30, 1, 'avijit035', 'official'),
(365, 94, 3, 2, 0, '2016-09-05 09:47:30', 1473083251, 53, 30, 1, 'azizul300', 'official'),
(366, 94, 3, 2, 0, '2016-09-05 09:47:33', 1473083260, 41, 30, 1, 'mesbaulbsmrstu', 'official'),
(367, 94, 3, 2, 0, '2016-09-05 09:47:51', 1473083274, 56, 30, 1, 'Ramprosad49', 'official'),
(368, 94, 2, 2, 0, '2016-09-05 09:47:54', 1473083276, 51, 30, 1, 'ehsan_sshuvo', 'official'),
(369, 94, 3, 2, 0, '2016-09-05 09:48:07', 1473083291, 40, 30, 1, 'prodipdatta7', 'official'),
(370, 94, 3, 2, 0, '2016-09-05 09:48:12', 1473083298, 65, 30, 1, 'Nur_Alam39', 'official'),
(371, 94, 1, 2, 0, '2016-09-05 09:48:24', 1473083307, 40, 30, 1, 'prodipdatta7', 'official'),
(372, 94, 1, 2, 0, '2016-09-05 09:48:54', 1473083335, 40, 30, 1, 'prodipdatta7', 'official'),
(373, 92, 3, 2, 0, '2016-09-05 09:49:00', 1473083343, 64, 30, 1, 'sanjit', 'official'),
(374, 94, 1, 2, 0, '2016-09-05 09:49:01', 1473083344, 57, 30, 1, 'Jahidul_Afrad', 'official'),
(375, 94, 3, 2, 0, '2016-09-05 09:49:03', 1473083344, 55, 30, 1, '123', 'official'),
(376, 93, 3, 2, 0, '2016-09-05 09:49:08', 1473083353, 64, 30, 1, 'sanjit', 'official'),
(377, 94, 3, 0, 0, '2016-09-05 09:49:09', 1473083354, 50, 30, 1, 'jisan047', 'official'),
(378, 94, 3, 0, 0, '2016-09-05 09:49:15', 1473083356, 64, 30, 1, 'sanjit', 'official'),
(379, 94, 3, 2, 0, '2016-09-05 09:49:21', 1473083364, 50, 30, 1, 'jisan047', 'official'),
(380, 93, 3, 2, 0, '2016-09-05 09:49:21', 1473083366, 64, 30, 1, 'sanjit', 'official'),
(381, 93, 3, 2, 0, '2016-09-05 09:49:31', 1473083374, 64, 30, 1, 'sanjit', 'official'),
(382, 94, 3, -2, 0, '2016-09-05 09:49:32', 1473083376, 50, 30, 1, 'jisan047', 'official'),
(383, 94, 1, 0, 0, '2016-09-05 09:49:40', 1473083384, 40, 30, 1, 'prodipdatta7', 'official'),
(384, 94, 3, -1, 1029, '2016-09-05 09:49:42', 1473083384, 50, 30, 1, 'jisan047', 'official'),
(385, 94, 1, 2, 0, '2016-09-05 09:49:47', 1473083388, 57, 30, 1, 'Jahidul_Afrad', 'official'),
(386, 94, 3, 0, 0, '2016-09-05 09:49:49', 1473083396, 64, 30, 1, 'sanjit', 'official'),
(387, 94, 3, -2, 0, '2016-09-05 09:49:51', 1473083397, 50, 30, 1, 'jisan047', 'official'),
(388, 94, 3, 2, 0, '2016-09-05 09:49:53', 1473083398, 53, 30, 1, 'azizul300', 'official'),
(389, 94, 3, 2, 0, '2016-09-05 09:49:53', 1473083400, 41, 30, 1, 'mesbaulbsmrstu', 'official'),
(390, 94, 3, 2, 0, '2016-09-05 09:50:03', 1473083407, 50, 30, 1, 'jisan047', 'official'),
(391, 94, 1, 0, 0, '2016-09-05 09:50:11', 1473083416, 57, 30, 1, 'Jahidul_Afrad', 'official'),
(392, 94, 3, -2, 0, '2016-09-05 09:50:12', 1473083416, 64, 30, 1, 'sanjit', 'official'),
(393, 94, 1, -2, 0, '2016-09-05 09:50:14', 1473083417, 50, 30, 1, 'jisan047', 'official'),
(394, 93, 3, 2, 0, '2016-09-05 09:50:20', 1473083424, 64, 30, 1, 'sanjit', 'official'),
(395, 94, 1, -2, 0, '2016-09-05 09:50:24', 1473083425, 50, 30, 1, 'jisan047', 'official'),
(396, 94, 1, -2, 0, '2016-09-05 09:50:35', 1473083439, 50, 30, 1, 'jisan047', 'official'),
(397, 94, 3, 2, 0, '2016-09-05 09:50:37', 1473083440, 64, 30, 1, 'sanjit', 'official'),
(398, 94, 3, 2, 0, '2016-09-05 09:50:39', 1473083440, 66, 30, 1, 'avijit035', 'official'),
(399, 94, 1, -2, 0, '2016-09-05 09:50:44', 1473083449, 50, 30, 1, 'jisan047', 'official'),
(400, 94, 3, 2, 0, '2016-09-05 09:50:45', 1473083449, 64, 30, 1, 'sanjit', 'official'),
(401, 92, 3, 2, 0, '2016-09-05 09:50:52', 1473083456, 64, 30, 1, 'sanjit', 'official'),
(402, 94, 1, -2, 0, '2016-09-05 09:50:56', 1473083457, 50, 30, 1, 'jisan047', 'official'),
(403, 94, 3, 2, 0, '2016-09-05 09:51:00', 1473083464, 64, 30, 1, 'sanjit', 'official'),
(404, 94, 3, 2, 0, '2016-09-05 09:51:01', 1473083465, 41, 30, 1, 'mesbaulbsmrstu', 'official'),
(405, 93, 3, 2, 0, '2016-09-05 09:51:06', 1473083472, 64, 30, 1, 'sanjit', 'official'),
(406, 94, 2, 0, 0, '2016-09-05 09:51:29', 1473083493, 51, 30, 1, 'ehsan_sshuvo', 'official'),
(407, 94, 3, 2, 0, '2016-09-05 09:52:00', 1473083522, 41, 30, 1, 'mesbaulbsmrstu', 'official'),
(408, 94, 3, 2, 0, '2016-09-05 09:52:06', 1473083530, 65, 30, 1, 'Nur_Alam39', 'official'),
(409, 94, 3, 0, 0, '2016-09-05 09:52:06', 1473083531, 55, 30, 1, '123', 'official'),
(410, 94, 3, 2, 0, '2016-09-05 09:52:46', 1473083568, 56, 30, 1, 'Ramprosad49', 'official'),
(411, 94, 3, 2, 0, '2016-09-05 09:53:01', 1473083583, 41, 30, 1, 'mesbaulbsmrstu', 'official'),
(412, 94, 3, 2, 0, '2016-09-05 09:53:02', 1473083584, 65, 30, 1, 'Nur_Alam39', 'official'),
(413, 94, 3, 2, 0, '2016-09-05 09:53:46', 1473083627, 53, 30, 1, 'azizul300', 'official'),
(414, 94, 3, 2, 0, '2016-09-05 09:54:14', 1473083657, 56, 30, 1, 'Ramprosad49', 'official'),
(415, 94, 3, 0, 0, '2016-09-05 09:55:00', 1473083700, 53, 30, 1, 'azizul300', 'official'),
(416, 94, 3, 2, 0, '2016-09-05 09:55:41', 1473083744, 56, 30, 1, 'Ramprosad49', 'official'),
(417, 96, 3, 2, 0, '2016-09-05 09:57:57', 1473156168, 50, 30, 1, 'jisan047', 'official'),
(418, 96, 3, 2, 0, '2016-09-05 09:59:01', 1473156168, 50, 30, 1, 'jisan047', 'official'),
(419, 96, 1, 2, 0, '2016-09-05 09:59:14', 1473156168, 57, 30, 1, 'Jahidul_Afrad', 'official'),
(420, 96, 3, 2, 0, '2016-09-05 09:59:33', 1473156169, 50, 30, 1, 'jisan047', 'official'),
(421, 96, 1, 2, 0, '2016-09-05 10:00:27', 1473156169, 57, 30, 1, 'Jahidul_Afrad', 'official'),
(422, 96, 2, 2, 0, '2016-09-05 10:00:28', 1473156169, 51, 30, 1, 'ehsan_sshuvo', 'official'),
(423, 96, 3, 2, 0, '2016-09-05 10:00:31', 1473156170, 50, 30, 1, 'jisan047', 'official'),
(424, 96, 3, 2, 0, '2016-09-05 10:00:46', 1473156170, 53, 30, 1, 'azizul300', 'official'),
(425, 96, 3, 2, 0, '2016-09-05 10:01:49', 1473156170, 50, 30, 1, 'jisan047', 'official'),
(426, 96, 2, 2, 0, '2016-09-05 10:02:24', 1473156170, 51, 30, 1, 'ehsan_sshuvo', 'official'),
(427, 96, 1, 2, 0, '2016-09-05 10:03:05', 1473156171, 57, 30, 1, 'Jahidul_Afrad', 'official'),
(428, 96, 3, 2, 0, '2016-09-05 10:03:05', 1473156171, 50, 30, 1, 'jisan047', 'official'),
(429, 94, 3, 2, 0, '2016-09-05 10:03:30', 1473084214, 65, 30, 1, 'Nur_Alam39', 'official'),
(430, 94, 3, 2, 0, '2016-09-05 10:03:36', 1473084223, 56, 30, 1, 'Ramprosad49', 'official'),
(431, 96, 2, 2, 0, '2016-09-05 10:04:01', 1473156171, 51, 30, 1, 'ehsan_sshuvo', 'official'),
(432, 96, 3, -1, 0, '2016-09-05 10:04:15', 1473156172, 2, 30, 1, 'moshiur.bd', 'official'),
(433, 96, 3, -1, 7020, '2016-09-05 10:04:51', 1473156172, 2, 30, 1, 'moshiur.bd', 'official'),
(434, 96, 2, 2, 0, '2016-09-05 10:05:07', 1473156186, 51, 30, 1, 'ehsan_sshuvo', 'official'),
(435, 96, 3, 2, 0, '2016-09-05 10:05:17', 1473156188, 50, 30, 1, 'jisan047', 'official'),
(436, 94, 3, 2, 0, '2016-09-05 10:05:36', 1473084341, 56, 30, 1, 'Ramprosad49', 'official'),
(437, 96, 3, 2, 15, '2016-09-05 10:05:38', 1473156188, 53, 30, 1, 'azizul300', 'official'),
(438, 96, 1, 2, 0, '2016-09-05 10:05:51', 1473156188, 57, 30, 1, 'Jahidul_Afrad', 'official'),
(439, 96, 2, 2, 0, '2016-09-05 10:07:04', 1473156189, 51, 30, 1, 'ehsan_sshuvo', 'official'),
(440, 96, 3, 2, 0, '2016-09-05 10:07:21', 1473156189, 50, 30, 1, 'jisan047', 'official'),
(441, 96, 3, 2, 0, '2016-09-05 10:08:11', 1473156189, 50, 30, 1, 'jisan047', 'official'),
(442, 96, 3, 2, 0, '2016-09-05 10:08:45', 1473156190, 50, 30, 1, 'jisan047', 'official'),
(443, 96, 3, 2, 0, '2016-09-05 10:09:13', 1473156190, 50, 30, 1, 'jisan047', 'official'),
(444, 96, 3, 2, 0, '2016-09-05 10:11:49', 1473156190, 53, 30, 1, 'azizul300', 'official'),
(445, 94, 3, 0, 0, '2016-09-05 10:14:23', 1473084866, 56, 30, 1, 'Ramprosad49', 'official'),
(446, 96, 1, 2, 0, '2016-09-06 04:23:12', 1473156191, 40, 30, 1, 'prodipdatta7', 'official'),
(447, 96, 1, 2, 0, '2016-09-06 04:24:16', 1473156191, 40, 30, 1, 'prodipdatta7', 'official'),
(448, 96, 1, 2, 0, '2016-09-06 04:24:49', 1473156192, 40, 30, 1, 'prodipdatta7', 'official'),
(449, 96, 1, 2, 0, '2016-09-06 04:32:00', 1473156192, 40, 30, 1, 'prodipdatta7', 'official'),
(450, 96, 3, 2, 0, '2016-09-06 04:32:28', 1473156192, 56, 30, 1, 'Ramprosad49', 'official'),
(451, 92, 3, 2, 0, '2016-09-06 04:32:43', 1473150766, 68, 30, 1, 'Zakia', 'official'),
(452, 92, 1, 2, 15, '2016-09-06 04:33:15', 1473150802, 68, 30, 1, 'Zakia', 'official'),
(453, 92, 1, 0, 0, '2016-09-06 04:34:08', 1473150851, 45, 30, 1, 'loosercoder', 'official'),
(454, 94, 3, 0, 15, '2016-09-06 04:35:57', 1473150964, 42, 30, 1, 'aim_to_miss', 'official'),
(455, 94, 3, -2, 0, '2016-09-06 04:36:26', 1473150986, 53, 30, 1, 'azizul300', 'official'),
(456, 92, 1, 2, 0, '2016-09-06 04:36:56', 1473151022, 68, 30, 1, 'Zakia', 'official'),
(457, 94, 3, 0, 0, '2016-09-06 04:37:03', 1473151029, 53, 30, 1, 'azizul300', 'official'),
(458, 94, 1, 2, 0, '2016-09-06 04:37:11', 1473151038, 45, 30, 1, 'loosercoder', 'official'),
(459, 94, 3, 0, 0, '2016-09-06 04:37:26', 1473151052, 66, 30, 1, 'avijit035', 'official'),
(460, 92, 3, 0, 0, '2016-09-06 04:37:47', 1473151068, 50, 30, 1, 'jisan047', 'official'),
(461, 96, 2, 2, 0, '2016-09-06 04:37:48', 1473156192, 57, 30, 1, 'Jahidul_Afrad', 'official'),
(462, 92, 1, 0, 0, '2016-09-06 04:38:02', 1473151084, 40, 30, 1, 'prodipdatta7', 'official'),
(463, 92, 1, 1, 1029, '2016-09-06 04:38:35', 1473151119, 68, 30, 1, 'Zakia', 'official'),
(464, 93, 1, 0, 0, '2016-09-06 04:38:53', 1473151135, 40, 30, 1, 'prodipdatta7', 'official'),
(465, 93, 3, 0, 0, '2016-09-06 04:38:53', 1473151136, 50, 30, 1, 'jisan047', 'official'),
(466, 93, 3, 0, 0, '2016-09-06 04:38:56', 1473151137, 42, 30, 1, 'aim_to_miss', 'official'),
(467, 94, 3, 0, 0, '2016-09-06 04:39:40', 1473151181, 50, 30, 1, 'jisan047', 'official'),
(468, 94, 1, 0, 0, '2016-09-06 04:39:41', 1473151183, 40, 30, 1, 'prodipdatta7', 'official'),
(469, 92, 1, 0, 0, '2016-09-06 04:39:59', 1473151204, 68, 30, 1, 'Zakia', 'official'),
(470, 96, 3, 2, 15, '2016-09-06 04:40:10', 1473156193, 50, 30, 1, 'jisan047', 'official'),
(471, 96, 3, 2, 0, '2016-09-06 04:40:57', 1473156193, 56, 30, 1, 'Ramprosad49', 'official'),
(472, 92, 3, 0, 0, '2016-09-06 04:41:04', 1473151271, 42, 30, 1, 'aim_to_miss', 'official'),
(473, 92, 3, 2, 0, '2016-09-06 04:41:24', 1473151287, 71, 30, 1, 'tahmidhasan.3003', 'official'),
(474, 96, 1, 2, 0, '2016-09-06 04:41:53', 1473156193, 40, 30, 1, 'prodipdatta7', 'official'),
(475, 96, 3, 2, 0, '2016-09-06 04:42:33', 1473156194, 42, 30, 1, 'aim_to_miss', 'official'),
(476, 93, 1, 2, 0, '2016-09-06 04:43:13', 1473151396, 45, 30, 1, 'loosercoder', 'official'),
(477, 92, 1, -1, 1013, '2016-09-06 04:43:25', 1473151410, 72, 30, 1, 'xokar', 'official'),
(478, 96, 1, 2, 0, '2016-09-06 04:43:36', 1473156194, 40, 30, 1, 'prodipdatta7', 'official'),
(479, 96, 3, 2, 0, '2016-09-06 04:44:03', 1473156194, 42, 30, 1, 'aim_to_miss', 'official'),
(480, 93, 1, 2, 0, '2016-09-06 04:45:02', 1473151506, 73, 30, 1, 'fazlerabbi_linkon', 'official'),
(481, 96, 1, 2, 0, '2016-09-06 04:45:18', 1473156195, 40, 30, 1, 'prodipdatta7', 'official'),
(482, 96, 1, 2, 0, '2016-09-06 04:45:40', 1473156195, 40, 30, 1, 'prodipdatta7', 'official'),
(483, 92, 1, -1, 0, '2016-09-06 04:45:58', 1473151563, 54, 30, 1, 'Jairul', 'official'),
(484, 92, 1, 0, 0, '2016-09-06 04:46:21', 1473151585, 77, 30, 1, 'siam', 'official'),
(485, 93, 1, 2, 0, '2016-09-06 04:46:31', 1473151592, 45, 30, 1, 'loosercoder', 'official'),
(486, 96, 1, 2, 0, '2016-09-06 04:46:46', 1473156195, 40, 30, 1, 'prodipdatta7', 'official'),
(487, 92, 3, 2, 0, '2016-09-06 04:47:09', 1473151635, 58, 30, 1, 'alaminv2', 'official'),
(488, 96, 1, 2, 0, '2016-09-06 04:47:13', 1473156196, 40, 30, 1, 'prodipdatta7', 'official'),
(489, 92, 1, 0, 0, '2016-09-06 04:47:19', 1473151643, 74, 30, 1, 'm_rony', 'official'),
(490, 92, 1, 2, 0, '2016-09-06 04:47:28', 1473151651, 58, 30, 1, 'alaminv2', 'official'),
(491, 92, 1, 0, 0, '2016-09-06 04:48:08', 1473151693, 54, 30, 1, 'Jairul', 'official'),
(492, 92, 3, -1, 1076, '2016-09-06 04:48:33', 1473151714, 69, 30, 1, 'Habiba', 'official'),
(493, 92, 3, 0, 0, '2016-09-06 04:48:35', 1473151716, 72, 30, 1, 'xokar', 'official'),
(494, 93, 1, 0, 0, '2016-09-06 04:50:31', 1473151836, 73, 30, 1, 'fazlerabbi_linkon', 'official'),
(495, 92, 1, 2, 0, '2016-09-06 04:51:09', 1473151872, 67, 30, 1, 'lipi', 'official'),
(496, 92, 3, 0, 0, '2016-09-06 04:51:30', 1473151893, 71, 30, 1, 'tahmidhasan.3003', 'official'),
(497, 92, 1, 2, 0, '2016-09-06 04:52:01', 1473151923, 58, 30, 1, 'alaminv2', 'official'),
(498, 93, 3, 0, 0, '2016-09-06 04:52:03', 1473151924, 71, 30, 1, 'tahmidhasan.3003', 'official'),
(499, 94, 1, 2, 0, '2016-09-06 04:52:05', 1473151926, 68, 30, 1, 'Zakia', 'official'),
(500, 93, 1, 0, 0, '2016-09-06 04:52:18', 1473151940, 73, 30, 1, 'fazlerabbi_linkon', 'official'),
(501, 92, 1, 2, 0, '2016-09-06 04:52:29', 1473151954, 67, 30, 1, 'lipi', 'official'),
(502, 92, 1, 2, 0, '2016-09-06 04:52:29', 1473151955, 73, 30, 1, 'fazlerabbi_linkon', 'official'),
(503, 92, 1, -1, 1029, '2016-09-06 04:52:31', 1473151955, 69, 30, 1, 'Habiba', 'official'),
(504, 93, 1, 0, 0, '2016-09-06 04:53:01', 1473151986, 77, 30, 1, 'siam', 'official'),
(505, 92, 1, 2, 0, '2016-09-06 04:54:07', 1473152049, 73, 30, 1, 'fazlerabbi_linkon', 'official'),
(506, 94, 1, 2, 0, '2016-09-06 04:54:29', 1473152071, 77, 30, 1, 'siam', 'official'),
(507, 92, 1, 2, 0, '2016-09-06 04:55:05', 1473152106, 58, 30, 1, 'alaminv2', 'official'),
(508, 92, 1, -1, 1013, '2016-09-06 04:55:40', 1473152142, 73, 30, 1, 'fazlerabbi_linkon', 'official'),
(509, 92, 1, 2, 0, '2016-09-06 04:55:44', 1473152144, 58, 30, 1, 'alaminv2', 'official'),
(510, 94, 1, 2, 0, '2016-09-06 04:56:03', 1473152166, 74, 30, 1, 'm_rony', 'official'),
(511, 92, 1, 0, 0, '2016-09-06 04:56:30', 1473152194, 73, 30, 1, 'fazlerabbi_linkon', 'official'),
(512, 93, 3, -1, 1013, '2016-09-06 04:56:43', 1473152208, 72, 30, 1, 'xokar', 'official'),
(513, 94, 1, 2, 0, '2016-09-06 04:57:09', 1473152231, 45, 30, 1, 'loosercoder', 'official'),
(514, 94, 1, 0, 0, '2016-09-06 04:57:34', 1473152260, 77, 30, 1, 'siam', 'official'),
(515, 92, 1, 0, 0, '2016-09-06 04:58:19', 1473152302, 58, 30, 1, 'alaminv2', 'official'),
(516, 94, 1, 2, 0, '2016-09-06 04:58:26', 1473152310, 73, 30, 1, 'fazlerabbi_linkon', 'official'),
(517, 96, 1, 2, 0, '2016-09-06 04:58:43', 1473156196, 40, 30, 1, 'prodipdatta7', 'official'),
(518, 94, 1, 2, 0, '2016-09-06 04:58:59', 1473152339, 73, 30, 1, 'fazlerabbi_linkon', 'official'),
(519, 94, 1, -1, 0, '2016-09-06 04:59:01', 1473152346, 54, 30, 1, 'Jairul', 'official'),
(520, 93, 1, 0, 0, '2016-09-06 04:59:03', 1473152347, 72, 30, 1, 'xokar', 'official'),
(521, 94, 1, 2, 0, '2016-09-06 04:59:03', 1473152347, 74, 30, 1, 'm_rony', 'official'),
(522, 96, 2, 2, 0, '2016-09-06 04:59:07', 1473156196, 57, 30, 1, 'Jahidul_Afrad', 'official'),
(523, 94, 1, 2, 0, '2016-09-06 04:59:23', 1473152369, 73, 30, 1, 'fazlerabbi_linkon', 'official'),
(524, 94, 3, 0, 0, '2016-09-06 04:59:53', 1473152398, 71, 30, 1, 'tahmidhasan.3003', 'official'),
(525, 94, 1, 2, 0, '2016-09-06 05:00:48', 1473152448, 72, 30, 1, 'xokar', 'official'),
(526, 94, 1, 1, 0, '2016-09-06 05:01:29', 1473152491, 54, 30, 1, 'Jairul', 'official'),
(527, 96, 1, 2, 0, '2016-09-06 05:01:32', 1473156197, 45, 30, 1, 'loosercoder', 'official'),
(528, 94, 1, 2, 0, '2016-09-06 05:02:04', 1473152527, 72, 30, 1, 'xokar', 'official'),
(529, 94, 1, 2, 0, '2016-09-06 05:03:01', 1473152583, 58, 30, 1, 'alaminv2', 'official'),
(530, 94, 1, 2, 15, '2016-09-06 05:03:06', 1473152591, 54, 30, 1, 'Jairul', 'official'),
(531, 96, 1, 2, 0, '2016-09-06 05:03:25', 1473156197, 77, 30, 1, 'siam', 'official'),
(532, 92, 1, -1, 1029, '2016-09-06 05:03:39', 1473152620, 69, 30, 1, 'Habiba', 'official'),
(533, 94, 1, 2, 0, '2016-09-06 05:03:56', 1473152636, 72, 30, 1, 'xokar', 'official'),
(534, 92, 1, 2, 0, '2016-09-06 05:04:08', 1473152651, 67, 30, 1, 'lipi', 'official'),
(535, 96, 1, 2, 0, '2016-09-06 05:05:09', 1473156197, 45, 30, 1, 'loosercoder', 'official'),
(536, 92, 1, -1, 1013, '2016-09-06 05:05:19', 1473152722, 69, 30, 1, 'Habiba', 'official'),
(537, 96, 3, 2, 0, '2016-09-06 05:05:27', 1473156197, 77, 30, 1, 'siam', 'official'),
(538, 93, 1, 0, 0, '2016-09-06 05:05:41', 1473152746, 74, 30, 1, 'm_rony', 'official'),
(539, 92, 1, 0, 0, '2016-09-06 05:06:02', 1473152767, 67, 30, 1, 'lipi', 'official'),
(540, 94, 1, 2, 0, '2016-09-06 05:06:12', 1473152775, 72, 30, 1, 'xokar', 'official'),
(541, 94, 1, 2, 0, '2016-09-06 05:06:12', 1473152775, 68, 30, 1, 'Zakia', 'official'),
(542, 94, 2, 2, 0, '2016-09-06 05:07:21', 1473152846, 72, 30, 1, 'xokar', 'official'),
(543, 96, 1, 2, 0, '2016-09-06 05:07:21', 1473156198, 77, 30, 1, 'siam', 'official'),
(544, 92, 1, 2, 0, '2016-09-06 05:08:21', 1473152903, 84, 30, 1, 'debashis', 'official'),
(545, 92, 1, -1, 1013, '2016-09-06 05:08:53', 1473152938, 69, 30, 1, 'Habiba', 'official'),
(546, 96, 1, 2, 0, '2016-09-06 05:09:03', 1473156198, 73, 30, 1, 'fazlerabbi_linkon', 'official'),
(547, 94, 1, 0, 0, '2016-09-06 05:09:29', 1473152969, 72, 30, 1, 'xokar', 'official'),
(548, 96, 1, 2, 0, '2016-09-06 05:09:32', 1473156198, 73, 30, 1, 'fazlerabbi_linkon', 'official'),
(549, 96, 1, 2, 0, '2016-09-06 05:09:52', 1473156199, 73, 30, 1, 'fazlerabbi_linkon', 'official'),
(550, 92, 1, -1, 1013, '2016-09-06 05:10:30', 1473153034, 69, 30, 1, 'Habiba', 'official'),
(551, 94, 1, 0, 0, '2016-09-06 05:10:31', 1473153037, 45, 30, 1, 'loosercoder', 'official'),
(552, 94, 1, 2, 0, '2016-09-06 05:10:32', 1473153037, 74, 30, 1, 'm_rony', 'official'),
(553, 96, 1, 2, 15, '2016-09-06 05:10:34', 1473156199, 73, 30, 1, 'fazlerabbi_linkon', 'official'),
(554, 94, 1, 2, 0, '2016-09-06 05:10:53', 1473153059, 73, 30, 1, 'fazlerabbi_linkon', 'official'),
(555, 94, 1, -1, 0, '2016-09-06 05:11:08', 1473153074, 54, 30, 1, 'Jairul', 'official'),
(556, 94, 1, 0, 0, '2016-09-06 05:11:14', 1473153081, 73, 30, 1, 'fazlerabbi_linkon', 'official'),
(557, 94, 1, 0, 0, '2016-09-06 05:11:50', 1473153117, 74, 30, 1, 'm_rony', 'official'),
(558, 103, 3, 2, 0, '2016-09-06 05:13:28', 1476791792, 42, 32, 1, 'aim_to_miss', 'official'),
(559, 98, 3, 0, 0, '2016-09-06 05:15:26', 1476792589, 64, 32, 1, 'sanjit', 'official'),
(560, 98, 2, 2, 0, '2016-09-06 05:15:48', 1476792589, 51, 32, 1, 'ehsan_sshuvo', 'official'),
(561, 103, 2, 0, 0, '2016-09-06 05:16:16', 1476791792, 51, 32, 1, 'ehsan_sshuvo', 'official'),
(562, 98, 3, 2, 0, '2016-09-06 05:16:42', 1476792590, 50, 32, 1, 'jisan047', 'official'),
(563, 98, 2, 1, 1029, '2016-09-06 05:18:19', 1476792590, 57, 32, 1, 'Jahidul_Afrad', 'official'),
(564, 103, 3, 2, 15, '2016-09-06 05:18:39', 1476791793, 64, 32, 1, 'sanjit', 'official'),
(565, 98, 3, 2, 0, '2016-09-06 05:19:23', 1476792593, 53, 32, 1, 'azizul300', 'official'),
(566, 98, 1, 0, 0, '2016-09-06 05:19:24', 1476792594, 40, 32, 1, 'prodipdatta7', 'official'),
(567, 103, 1, 2, 0, '2016-09-06 05:19:30', 1476791793, 68, 32, 1, 'Zakia', 'official'),
(568, 98, 3, 0, 0, '2016-09-06 05:19:45', 1476792594, 83, 32, 1, 'Nur_Alam39(2nd)', 'official'),
(569, 98, 3, 2, 0, '2016-09-06 05:19:49', 1476792595, 53, 32, 1, 'azizul300', 'official'),
(570, 98, 3, 2, 0, '2016-09-06 05:19:56', 1476792595, 50, 32, 1, 'jisan047', 'official'),
(571, 98, 3, 0, 0, '2016-09-06 05:20:03', 1476792596, 77, 32, 1, 'siam', 'official'),
(572, 98, 3, 0, 0, '2016-09-06 05:20:10', 1476792596, 66, 32, 1, 'avijit035', 'official'),
(573, 103, 3, 0, 0, '2016-09-06 05:20:51', 1476791793, 64, 32, 1, 'sanjit', 'official'),
(574, 98, 3, 0, 0, '2016-09-06 05:21:10', 1476792597, 71, 32, 1, 'tahmidhasan.3003', 'official'),
(575, 103, 1, 2, 0, '2016-09-06 05:21:11', 1476791794, 68, 32, 1, 'Zakia', 'official'),
(576, 98, 2, 1, 1013, '2016-09-06 05:21:44', 1476792598, 57, 32, 1, 'Jahidul_Afrad', 'official'),
(577, 98, 3, 0, 0, '2016-09-06 05:21:50', 1476792602, 56, 32, 1, 'Ramprosad49', 'official'),
(578, 98, 1, 1, 1029, '2016-09-06 05:23:00', 1476792602, 57, 32, 1, 'Jahidul_Afrad', 'official'),
(579, 103, 1, 2, 0, '2016-09-06 05:23:20', 1476791794, 69, 32, 1, 'Habiba', 'official'),
(580, 103, 1, 2, 0, '2016-09-06 05:24:04', 1476791795, 40, 32, 1, 'prodipdatta7', 'official'),
(581, 103, 1, 2, 0, '2016-09-06 05:24:15', 1476791795, 68, 32, 1, 'Zakia', 'official'),
(582, 98, 1, 2, 0, '2016-09-06 05:24:17', 1476792606, 72, 32, 1, 'xokar', 'official'),
(583, 103, 3, 2, 0, '2016-09-06 05:24:20', 1476791795, 83, 32, 1, 'Nur_Alam39(2nd)', 'official'),
(584, 103, 3, 2, 0, '2016-09-06 05:24:35', 1476791796, 66, 32, 1, 'avijit035', 'official'),
(585, 103, 1, 0, 0, '2016-09-06 05:25:13', 1476791796, 40, 32, 1, 'prodipdatta7', 'official'),
(586, 103, 3, 0, 0, '2016-09-06 05:25:25', 1476791797, 83, 32, 1, 'Nur_Alam39(2nd)', 'official'),
(587, 103, 3, 2, 0, '2016-09-06 05:25:58', 1476791797, 66, 32, 1, 'avijit035', 'official'),
(588, 103, 1, -1, 0, '2016-09-06 05:26:19', 1476791797, 52, 32, 1, 'SM PORAG', 'official'),
(589, 103, 1, 2, 0, '2016-09-06 05:26:42', 1476791798, 58, 32, 1, 'alaminv2', 'official');
INSERT INTO `submission` (`id`, `pid`, `lang`, `flag`, `runtime`, `arrtime`, `hold`, `uid`, `conid`, `countable`, `uname`, `type`) VALUES
(590, 98, 1, 0, 0, '2016-09-06 05:26:44', 1476792606, 73, 32, 1, 'fazlerabbi_linkon', 'official'),
(591, 99, 3, 2, 249, '2016-09-06 05:26:47', 1476791673, 64, 32, 1, 'sanjit', 'official'),
(592, 98, 3, 0, 0, '2016-09-06 05:27:08', 1476792607, 42, 32, 1, 'aim_to_miss', 'official'),
(593, 103, 1, 2, 0, '2016-09-06 05:27:14', 1476791798, 54, 32, 1, 'Jairul', 'official'),
(594, 103, 1, 2, 0, '2016-09-06 05:27:19', 1476791798, 52, 32, 1, 'SM PORAG', 'official'),
(595, 103, 1, 2, 0, '2016-09-06 05:27:31', 1476791799, 74, 32, 1, 'm_rony', 'official'),
(596, 103, 3, 2, 0, '2016-09-06 05:27:52', 1476791799, 71, 32, 1, 'tahmidhasan.3003', 'official'),
(597, 98, 2, 2, 0, '2016-09-06 05:28:02', 1476792607, 51, 32, 1, 'ehsan_sshuvo', 'official'),
(598, 103, 1, 2, 0, '2016-09-06 05:28:05', 1476791799, 58, 32, 1, 'alaminv2', 'official'),
(599, 103, 1, 2, 0, '2016-09-06 05:28:05', 1476791800, 68, 32, 1, 'Zakia', 'official'),
(600, 103, 1, 2, 0, '2016-09-06 05:28:12', 1476791800, 69, 32, 1, 'Habiba', 'official'),
(601, 98, 1, 1, 1045, '2016-09-06 05:28:33', 1476792608, 57, 32, 1, 'Jahidul_Afrad', 'official'),
(602, 103, 3, 0, 0, '2016-09-06 05:28:44', 1476791800, 56, 32, 1, 'Ramprosad49', 'official'),
(603, 103, 1, 2, 0, '2016-09-06 05:29:09', 1476791801, 52, 32, 1, 'SM PORAG', 'official'),
(604, 103, 1, 2, 0, '2016-09-06 05:29:41', 1476791801, 54, 32, 1, 'Jairul', 'official'),
(605, 103, 3, 0, 0, '2016-09-06 05:29:47', 1476791801, 71, 32, 1, 'tahmidhasan.3003', 'official'),
(606, 99, 3, 0, 249, '2016-09-06 05:30:47', 1476791678, 64, 32, 1, 'sanjit', 'official'),
(607, 103, 1, 2, 0, '2016-09-06 05:31:28', 1476791802, 52, 32, 1, 'SM PORAG', 'official'),
(608, 98, 1, 1, 1013, '2016-09-06 05:31:34', 1476792612, 57, 32, 1, 'Jahidul_Afrad', 'official'),
(609, 98, 2, 0, 0, '2016-09-06 05:31:39', 1476792615, 51, 32, 1, 'ehsan_sshuvo', 'official'),
(610, 103, 1, 2, 0, '2016-09-06 05:32:05', 1476791802, 74, 32, 1, 'm_rony', 'official'),
(611, 103, 3, 2, 0, '2016-09-06 05:32:21', 1476791802, 66, 32, 1, 'avijit035', 'official'),
(612, 103, 3, 0, 0, '2016-09-06 05:32:50', 1476791803, 66, 32, 1, 'avijit035', 'official'),
(613, 103, 1, 2, 0, '2016-09-06 05:32:51', 1476791803, 58, 32, 1, 'alaminv2', 'official'),
(614, 103, 3, 0, 0, '2016-09-06 05:32:54', 1476791803, 42, 32, 1, 'aim_to_miss', 'official'),
(615, 98, 1, 2, 0, '2016-09-06 05:33:30', 1476792616, 72, 32, 1, 'xokar', 'official'),
(616, 98, 1, 2, 0, '2016-09-06 05:33:37', 1476792616, 45, 32, 1, 'loosercoder', 'official'),
(617, 103, 1, 2, 0, '2016-09-06 05:33:38', 1476791804, 67, 32, 1, 'lipi', 'official'),
(618, 103, 1, 2, 0, '2016-09-06 05:34:12', 1476791804, 52, 32, 1, 'SM PORAG', 'official'),
(619, 103, 1, 2, 0, '2016-09-06 05:34:44', 1476791805, 67, 32, 1, 'lipi', 'official'),
(620, 98, 1, 2, 0, '2016-09-06 05:35:15', 1476792617, 84, 32, 1, 'debashis', 'official'),
(621, 98, 3, 0, 0, '2016-09-06 05:35:33', 1476792617, 85, 32, 1, 'shoeb ', 'official'),
(622, 98, 1, 2, 0, '2016-09-06 05:35:55', 1476792617, 45, 32, 1, 'loosercoder', 'official'),
(623, 98, 2, 1, 1029, '2016-09-06 05:38:42', 1476792618, 57, 32, 1, 'Jahidul_Afrad', 'official'),
(624, 103, 1, 2, 0, '2016-09-06 05:39:39', 1476791805, 74, 32, 1, 'm_rony', 'official'),
(625, 98, 1, 2, 0, '2016-09-06 05:39:44', 1476792620, 45, 32, 1, 'loosercoder', 'official'),
(626, 98, 3, 2, 0, '2016-09-06 05:40:02', 1476792621, 81, 32, 1, 'Sohel (2nd Year)', 'official'),
(627, 98, 1, 2, 0, '2016-09-06 05:40:06', 1476792621, 84, 32, 1, 'debashis', 'official'),
(628, 103, 1, 2, 0, '2016-09-06 05:40:09', 1476791805, 74, 32, 1, 'm_rony', 'official'),
(629, 100, 3, 0, 5740, '2016-09-06 05:40:37', 1476793387, 64, 32, 1, 'sanjit', 'official'),
(630, 98, 1, 2, 0, '2016-09-06 05:42:18', 1476792621, 45, 32, 1, 'loosercoder', 'official'),
(631, 103, 1, 2, 0, '2016-09-06 05:42:21', 1476791806, 57, 32, 1, 'Jahidul_Afrad', 'official'),
(632, 101, 1, 0, 0, '2016-09-06 05:42:37', 1476791696, 40, 32, 1, 'prodipdatta7', 'official'),
(633, 103, 1, 2, 0, '2016-09-06 05:42:41', 1476791806, 52, 32, 1, 'SM PORAG', 'official'),
(634, 103, 1, 2, 0, '2016-09-06 05:43:11', 1476791806, 57, 32, 1, 'Jahidul_Afrad', 'official'),
(635, 103, 3, 2, 0, '2016-09-06 05:43:23', 1476791807, 53, 32, 1, 'azizul300', 'official'),
(636, 100, 3, 0, 5647, '2016-09-06 05:43:36', 1476793393, 64, 32, 1, 'sanjit', 'official'),
(637, 103, 1, 2, 0, '2016-09-06 05:44:07', 1476791807, 57, 32, 1, 'Jahidul_Afrad', 'official'),
(638, 103, 1, 2, 0, '2016-09-06 05:44:11', 1476791807, 52, 32, 1, 'SM PORAG', 'official'),
(639, 103, 2, 2, 0, '2016-09-06 05:45:08', 1476791808, 53, 32, 1, 'azizul300', 'official'),
(640, 98, 1, 2, 15, '2016-09-06 05:45:53', 1476792622, 72, 32, 1, 'xokar', 'official'),
(641, 103, 1, 2, 0, '2016-09-06 05:45:57', 1476791808, 45, 32, 1, 'loosercoder', 'official'),
(642, 103, 1, 2, 0, '2016-09-06 05:46:11', 1476791808, 74, 32, 1, 'm_rony', 'official'),
(643, 103, 3, 2, 0, '2016-09-06 05:46:20', 1476791809, 85, 32, 1, 'shoeb ', 'official'),
(644, 103, 1, 2, 0, '2016-09-06 05:47:27', 1476791809, 45, 32, 1, 'loosercoder', 'official'),
(645, 103, 1, 2, 0, '2016-09-06 05:47:35', 1476791809, 57, 32, 1, 'Jahidul_Afrad', 'official'),
(646, 103, 3, 0, 0, '2016-09-06 05:48:16', 1476791810, 53, 32, 1, 'azizul300', 'official'),
(647, 103, 1, 2, 0, '2016-09-06 05:48:57', 1476791810, 74, 32, 1, 'm_rony', 'official'),
(648, 100, 3, -1, 109, '2016-09-06 05:49:00', 1476793398, 50, 32, 1, 'jisan047', 'official'),
(649, 103, 3, 2, 0, '2016-09-06 05:49:13', 1476791811, 77, 32, 1, 'siam', 'official'),
(650, 101, 3, 2, 0, '2016-09-06 05:49:26', 1476791704, 42, 32, 1, 'aim_to_miss', 'official'),
(651, 103, 1, 2, 0, '2016-09-06 05:50:17', 1476791811, 72, 32, 1, 'xokar', 'official'),
(652, 103, 1, 2, 0, '2016-09-06 05:50:29', 1476791811, 45, 32, 1, 'loosercoder', 'official'),
(653, 98, 1, 2, 0, '2016-09-06 05:50:39', 1476792622, 84, 32, 1, 'debashis', 'official'),
(654, 100, 3, 2, 5553, '2016-09-06 05:50:44', 1476793402, 50, 32, 1, 'jisan047', 'official'),
(655, 103, 3, 2, 0, '2016-09-06 05:51:03', 1476791812, 85, 32, 1, 'shoeb ', 'official'),
(656, 103, 1, 2, 0, '2016-09-06 05:51:08', 1476791812, 57, 32, 1, 'Jahidul_Afrad', 'official'),
(657, 103, 3, 0, 0, '2016-09-06 05:51:47', 1476791812, 77, 32, 1, 'siam', 'official'),
(658, 101, 3, 0, 0, '2016-09-06 05:52:52', 1476791710, 42, 32, 1, 'aim_to_miss', 'official'),
(659, 98, 3, 2, 0, '2016-09-06 05:53:43', 1476792623, 81, 32, 1, 'Sohel (2nd Year)', 'official'),
(660, 103, 3, 0, 0, '2016-09-06 05:54:30', 1476791813, 85, 32, 1, 'shoeb ', 'official'),
(661, 103, 1, 2, 0, '2016-09-06 05:54:31', 1476791813, 72, 32, 1, 'xokar', 'official'),
(662, 103, 3, 0, 0, '2016-09-06 05:55:13', 1476791813, 50, 32, 1, 'jisan047', 'official'),
(663, 103, 1, 2, 0, '2016-09-06 05:55:30', 1476791814, 67, 32, 1, 'lipi', 'official'),
(664, 103, 1, 2, 0, '2016-09-06 05:56:22', 1476791814, 74, 32, 1, 'm_rony', 'official'),
(665, 103, 1, 2, 0, '2016-09-06 05:56:42', 1476791815, 73, 32, 1, 'fazlerabbi_linkon', 'official'),
(666, 96, 3, 0, 624, '2016-09-06 05:57:09', 1473156199, 2, 30, 1, 'moshiur.bd', 'official'),
(667, 103, 1, 2, 0, '2016-09-06 05:57:30', 1476791815, 52, 32, 1, 'SM PORAG', 'official'),
(668, 98, 3, 0, 0, '2016-09-06 05:57:50', 1476792624, 50, 32, 1, 'jisan047', 'official'),
(669, 98, 1, 2, 0, '2016-09-06 05:58:13', 1476792624, 68, 32, 1, 'Zakia', 'official'),
(670, 103, 1, 2, 0, '2016-09-06 05:58:17', 1476791815, 73, 32, 1, 'fazlerabbi_linkon', 'official'),
(671, 98, 1, 2, 0, '2016-09-06 05:58:25', 1476792625, 72, 32, 1, 'xokar', 'official'),
(672, 96, 3, 0, 5584, '2016-09-06 05:58:47', 1473156200, 2, 30, 1, 'moshiur.bd', 'official'),
(673, 99, 2, 2, 0, '2016-09-06 05:58:49', 1476791713, 51, 32, 1, 'ehsan_sshuvo', 'official'),
(674, 103, 1, 0, 0, '2016-09-06 06:00:32', 1476791816, 84, 32, 1, 'debashis', 'official'),
(675, 101, 3, 2, 0, '2016-09-06 06:01:14', 1476791714, 71, 32, 1, 'tahmidhasan.3003', 'official'),
(676, 98, 1, 2, 0, '2016-09-06 06:01:15', 1476792625, 72, 32, 1, 'xokar', 'official'),
(677, 98, 1, -2, 0, '2016-09-06 06:01:22', 1476792626, 57, 32, 1, 'Jahidul_Afrad', 'official'),
(678, 103, 1, 2, 0, '2016-09-06 06:01:27', 1476791816, 73, 32, 1, 'fazlerabbi_linkon', 'official'),
(679, 98, 1, 2, 0, '2016-09-06 06:02:03', 1476792627, 45, 32, 1, 'loosercoder', 'official'),
(680, 98, 1, 2, 0, '2016-09-06 06:02:29', 1476792627, 72, 32, 1, 'xokar', 'official'),
(681, 103, 1, 2, 0, '2016-09-06 06:04:04', 1476791817, 57, 32, 1, 'Jahidul_Afrad', 'official'),
(682, 102, 3, 2, 0, '2016-09-06 06:04:09', 1476791817, 81, 32, 1, 'Sohel (2nd Year)', 'official'),
(683, 98, 3, 2, 0, '2016-09-06 06:04:19', 1476792628, 72, 32, 1, 'xokar', 'official'),
(684, 103, 1, 2, 0, '2016-09-06 06:06:06', 1476791817, 57, 32, 1, 'Jahidul_Afrad', 'official'),
(685, 98, 1, 2, 0, '2016-09-06 06:06:49', 1476792628, 72, 32, 1, 'xokar', 'official'),
(686, 101, 3, 2, 0, '2016-09-06 06:07:15', 1476791717, 71, 32, 1, 'tahmidhasan.3003', 'official'),
(687, 103, 1, 2, 0, '2016-09-06 06:07:17', 1476791818, 45, 32, 1, 'loosercoder', 'official'),
(688, 98, 1, 2, 0, '2016-09-06 06:07:52', 1476792629, 57, 32, 1, 'Jahidul_Afrad', 'official'),
(689, 98, 3, 0, 0, '2016-09-06 06:08:21', 1476792629, 81, 32, 1, 'Sohel (2nd Year)', 'official'),
(690, 103, 3, 2, 0, '2016-09-06 06:08:57', 1476791818, 81, 32, 1, 'Sohel (2nd Year)', 'official'),
(691, 101, 1, 2, 0, '2016-09-06 06:09:47', 1476791718, 73, 32, 1, 'fazlerabbi_linkon', 'official'),
(692, 103, 1, 0, 0, '2016-09-06 06:09:51', 1476791818, 68, 32, 1, 'Zakia', 'official'),
(693, 103, 1, 2, 0, '2016-09-06 06:09:59', 1476791819, 74, 32, 1, 'm_rony', 'official'),
(694, 103, 1, 2, 0, '2016-09-06 06:10:29', 1476791819, 72, 32, 1, 'xokar', 'official'),
(695, 103, 1, 2, 0, '2016-09-06 06:10:46', 1476791819, 45, 32, 1, 'loosercoder', 'official'),
(696, 103, 1, 0, 0, '2016-09-06 06:11:17', 1476791820, 74, 32, 1, 'm_rony', 'official'),
(697, 99, 3, 2, 0, '2016-09-06 06:12:20', 1476791718, 56, 32, 1, 'Ramprosad49', 'official'),
(698, 101, 3, 0, 0, '2016-09-06 06:13:00', 1476791719, 50, 32, 1, 'jisan047', 'official'),
(699, 99, 2, 2, 0, '2016-09-06 06:13:10', 1476791719, 51, 32, 1, 'ehsan_sshuvo', 'official'),
(700, 101, 3, 2, 0, '2016-09-06 06:13:54', 1476791720, 56, 32, 1, 'Ramprosad49', 'official'),
(701, 98, 3, 2, 0, '2016-09-06 06:14:15', 1476792630, 53, 32, 1, 'azizul300', 'official'),
(702, 103, 3, 2, 0, '2016-09-06 06:14:31', 1476791820, 81, 32, 1, 'Sohel (2nd Year)', 'official'),
(703, 103, 1, 2, 0, '2016-09-06 06:16:14', 1476791821, 45, 32, 1, 'loosercoder', 'official'),
(704, 101, 2, 2, 0, '2016-09-06 06:16:58', 1476791720, 51, 32, 1, 'ehsan_sshuvo', 'official'),
(705, 98, 1, -2, 0, '2016-09-06 06:16:58', 1476792630, 57, 32, 1, 'Jahidul_Afrad', 'official'),
(706, 98, 1, -2, 0, '2016-09-06 06:17:37', 1476792630, 57, 32, 1, 'Jahidul_Afrad', 'official'),
(707, 101, 2, 2, 0, '2016-09-06 06:18:35', 1476791721, 51, 32, 1, 'ehsan_sshuvo', 'official'),
(708, 98, 3, 2, 0, '2016-09-06 06:18:41', 1476792631, 53, 32, 1, 'azizul300', 'official'),
(709, 98, 1, 2, 0, '2016-09-06 06:19:26', 1476792631, 58, 32, 1, 'alaminv2', 'official'),
(710, 103, 3, 0, 0, '2016-09-06 06:20:00', 1476791821, 81, 32, 1, 'Sohel (2nd Year)', 'official'),
(711, 103, 1, 2, 0, '2016-09-06 06:20:34', 1476791822, 54, 32, 1, 'Jairul', 'official'),
(712, 103, 1, 2, 0, '2016-09-06 06:20:46', 1476791822, 69, 32, 1, 'Habiba', 'official'),
(713, 98, 1, 2, 0, '2016-09-06 06:20:57', 1476792631, 72, 32, 1, 'xokar', 'official'),
(714, 101, 2, 2, 0, '2016-09-06 06:21:08', 1476791723, 51, 32, 1, 'ehsan_sshuvo', 'official'),
(715, 101, 3, 2, 0, '2016-09-06 06:21:54', 1476791724, 71, 32, 1, 'tahmidhasan.3003', 'official'),
(716, 103, 1, 0, 0, '2016-09-06 06:22:25', 1476791823, 67, 32, 1, 'lipi', 'official'),
(717, 103, 1, 2, 0, '2016-09-06 06:22:43', 1476791823, 72, 32, 1, 'xokar', 'official'),
(718, 102, 3, 2, 296, '2016-09-06 06:22:47', 1476791823, 64, 32, 1, 'sanjit', 'official'),
(719, 101, 2, 2, 0, '2016-09-06 06:22:54', 1476791724, 51, 32, 1, 'ehsan_sshuvo', 'official'),
(720, 103, 1, 2, 15, '2016-09-06 06:23:10', 1476791824, 57, 32, 1, 'Jahidul_Afrad', 'official'),
(721, 103, 1, 2, 0, '2016-09-06 06:23:31', 1476791824, 57, 32, 1, 'Jahidul_Afrad', 'official'),
(722, 98, 3, 0, 0, '2016-09-06 06:24:09', 1476792632, 53, 32, 1, 'azizul300', 'official'),
(723, 98, 1, -1, 0, '2016-09-06 06:24:17', 1476792632, 68, 32, 1, 'Zakia', 'official'),
(724, 103, 1, 2, 0, '2016-09-06 06:24:35', 1476791825, 57, 32, 1, 'Jahidul_Afrad', 'official'),
(725, 103, 1, 2, 0, '2016-09-06 06:25:44', 1476791825, 57, 32, 1, 'Jahidul_Afrad', 'official'),
(726, 101, 3, 2, 0, '2016-09-06 06:25:45', 1476791726, 71, 32, 1, 'tahmidhasan.3003', 'official'),
(727, 98, 1, -1, 0, '2016-09-06 06:27:10', 1476792633, 68, 32, 1, 'Zakia', 'official'),
(728, 103, 1, 0, 0, '2016-09-06 06:27:19', 1476791825, 45, 32, 1, 'loosercoder', 'official'),
(729, 103, 1, 2, 0, '2016-09-06 06:27:51', 1476791826, 57, 32, 1, 'Jahidul_Afrad', 'official'),
(730, 103, 1, 2, 0, '2016-09-06 06:28:08', 1476791826, 72, 32, 1, 'xokar', 'official'),
(731, 103, 1, 2, 0, '2016-09-06 06:28:21', 1476791826, 54, 32, 1, 'Jairul', 'official'),
(732, 103, 1, 2, 0, '2016-09-06 06:28:49', 1476791827, 72, 32, 1, 'xokar', 'official'),
(733, 102, 3, 2, 109, '2016-09-06 06:28:56', 1476791827, 66, 32, 1, 'avijit035', 'official'),
(734, 103, 1, 2, 0, '2016-09-06 06:30:50', 1476791828, 72, 32, 1, 'xokar', 'official'),
(735, 102, 3, 1, 1045, '2016-09-06 06:31:39', 1476791828, 85, 32, 1, 'shoeb ', 'official'),
(736, 103, 1, 2, 0, '2016-09-06 06:31:53', 1476791830, 69, 32, 1, 'Habiba', 'official'),
(737, 98, 1, 0, 0, '2016-09-06 06:31:54', 1476792633, 45, 32, 1, 'loosercoder', 'official'),
(738, 102, 3, 2, 78, '2016-09-06 06:32:20', 1476791830, 66, 32, 1, 'avijit035', 'official'),
(739, 103, 1, 0, 0, '2016-09-06 06:32:53', 1476791831, 72, 32, 1, 'xokar', 'official'),
(740, 98, 1, -2, 0, '2016-09-06 06:33:09', 1476792634, 57, 32, 1, 'Jahidul_Afrad', 'official'),
(741, 103, 1, 2, 0, '2016-09-06 06:33:22', 1476791831, 73, 32, 1, 'fazlerabbi_linkon', 'official'),
(742, 102, 3, 2, 93, '2016-09-06 06:33:22', 1476791831, 66, 32, 1, 'avijit035', 'official'),
(743, 103, 1, 0, 0, '2016-09-06 06:33:39', 1476791832, 73, 32, 1, 'fazlerabbi_linkon', 'official'),
(744, 102, 3, 1, 1013, '2016-09-06 06:34:19', 1476791833, 85, 32, 1, 'shoeb ', 'official'),
(745, 103, 1, 0, 15, '2016-09-06 06:35:34', 1476791834, 57, 32, 1, 'Jahidul_Afrad', 'official'),
(746, 103, 1, 2, 0, '2016-09-06 06:35:39', 1476791835, 58, 32, 1, 'alaminv2', 'official'),
(747, 98, 1, 2, 0, '2016-09-06 06:36:21', 1476792634, 72, 32, 1, 'xokar', 'official'),
(748, 101, 3, 0, 0, '2016-09-06 06:36:24', 1476791728, 56, 32, 1, 'Ramprosad49', 'official'),
(749, 102, 3, 2, 249, '2016-09-06 06:36:38', 1476791835, 50, 32, 1, 'jisan047', 'official'),
(750, 102, 3, 2, 124, '2016-09-06 06:36:38', 1476791835, 71, 32, 1, 'tahmidhasan.3003', 'official'),
(751, 102, 3, 2, 312, '2016-09-06 06:36:46', 1476791836, 64, 32, 1, 'sanjit', 'official'),
(752, 102, 3, 2, 93, '2016-09-06 06:37:34', 1476791836, 66, 32, 1, 'avijit035', 'official'),
(753, 102, 3, 0, 280, '2016-09-06 06:38:30', 1476791837, 64, 32, 1, 'sanjit', 'official'),
(754, 102, 3, 2, 78, '2016-09-06 06:38:39', 1476791837, 66, 32, 1, 'avijit035', 'official'),
(755, 103, 1, 2, 0, '2016-09-06 06:39:26', 1476791838, 69, 32, 1, 'Habiba', 'official'),
(756, 101, 1, 2, 15, '2016-09-06 06:39:31', 1476791729, 73, 32, 1, 'fazlerabbi_linkon', 'official'),
(757, 102, 1, 1, 1045, '2016-09-06 06:39:52', 1476791838, 85, 32, 1, 'shoeb ', 'official'),
(758, 98, 1, -2, 0, '2016-09-06 06:40:00', 1476792634, 57, 32, 1, 'Jahidul_Afrad', 'official'),
(759, 102, 3, 2, 327, '2016-09-06 06:40:22', 1476791839, 42, 32, 1, 'aim_to_miss', 'official'),
(760, 98, 2, 1, 1013, '2016-09-06 06:40:27', 1476792635, 57, 32, 1, 'Jahidul_Afrad', 'official'),
(761, 98, 2, 1, 1029, '2016-09-06 06:42:19', 1476792639, 57, 32, 1, 'Jahidul_Afrad', 'official'),
(762, 101, 2, 2, 0, '2016-09-06 06:42:43', 1476791737, 51, 32, 1, 'ehsan_sshuvo', 'official'),
(763, 98, 1, -1, 15, '2016-09-06 06:42:46', 1476792643, 68, 32, 1, 'Zakia', 'official'),
(764, 102, 3, 2, 78, '2016-09-06 06:43:02', 1476791840, 66, 32, 1, 'avijit035', 'official'),
(765, 103, 1, 2, 0, '2016-09-06 06:43:13', 1476791840, 58, 32, 1, 'alaminv2', 'official'),
(766, 102, 3, 2, 124, '2016-09-06 06:43:41', 1476791841, 71, 32, 1, 'tahmidhasan.3003', 'official'),
(767, 102, 3, 2, 93, '2016-09-06 06:43:59', 1476791841, 66, 32, 1, 'avijit035', 'official'),
(768, 98, 1, 2, 0, '2016-09-06 06:44:13', 1476792643, 74, 32, 1, 'm_rony', 'official'),
(769, 104, 1, -1, 0, '2016-09-06 06:44:46', 1476791841, 52, 32, 1, 'SM PORAG', 'official'),
(770, 101, 2, 2, 15, '2016-09-06 06:44:53', 1476791738, 51, 32, 1, 'ehsan_sshuvo', 'official'),
(771, 102, 3, 0, 296, '2016-09-06 06:45:51', 1476791842, 42, 32, 1, 'aim_to_miss', 'official'),
(772, 102, 3, 0, 249, '2016-09-06 06:46:08', 1476791842, 50, 32, 1, 'jisan047', 'official'),
(773, 103, 1, 2, 0, '2016-09-06 06:48:12', 1476791843, 54, 32, 1, 'Jairul', 'official'),
(774, 99, 3, 1, 1076, '2016-09-06 06:48:49', 1476791738, 56, 32, 1, 'Ramprosad49', 'official'),
(775, 98, 1, 2, 0, '2016-09-06 06:49:26', 1476792645, 84, 32, 1, 'debashis', 'official'),
(776, 100, 1, 2, 592, '2016-09-06 06:49:43', 1476793408, 54, 32, 1, 'Jairul', 'official'),
(777, 100, 1, -1, 15, '2016-09-06 06:50:27', 1476793409, 40, 32, 1, 'prodipdatta7', 'official'),
(778, 98, 2, 1, 1029, '2016-09-06 06:50:32', 1476792645, 57, 32, 1, 'Jahidul_Afrad', 'official'),
(779, 98, 1, 2, 0, '2016-09-06 06:50:45', 1476792649, 72, 32, 1, 'xokar', 'official'),
(780, 103, 1, 0, 0, '2016-09-06 06:50:52', 1476791843, 69, 32, 1, 'Habiba', 'official'),
(781, 101, 3, 2, 15, '2016-09-06 06:51:47', 1476791745, 64, 32, 1, 'sanjit', 'official'),
(782, 102, 1, 2, 15, '2016-09-06 06:52:01', 1476791844, 85, 32, 1, 'shoeb ', 'official'),
(783, 99, 3, 1, 1060, '2016-09-06 06:52:12', 1476791745, 50, 32, 1, 'jisan047', 'official'),
(784, 100, 1, -1, 15, '2016-09-06 06:53:00', 1476793415, 40, 32, 1, 'prodipdatta7', 'official'),
(785, 99, 3, 1, 1076, '2016-09-06 06:54:21', 1476791747, 56, 32, 1, 'Ramprosad49', 'official'),
(786, 99, 3, 2, 249, '2016-09-06 06:55:01', 1476791749, 50, 32, 1, 'jisan047', 'official'),
(787, 101, 3, 0, 0, '2016-09-06 06:55:09', 1476791749, 64, 32, 1, 'sanjit', 'official'),
(788, 104, 1, 2, 0, '2016-09-06 06:55:57', 1476791844, 52, 32, 1, 'SM PORAG', 'official'),
(789, 102, 3, 2, 78, '2016-09-06 06:57:13', 1476791844, 53, 32, 1, 'azizul300', 'official'),
(790, 102, 3, 2, 296, '2016-09-06 06:59:34', 1476791845, 77, 32, 1, 'siam', 'official'),
(791, 98, 1, 1, 1029, '2016-09-06 06:59:45', 1476792649, 57, 32, 1, 'Jahidul_Afrad', 'official'),
(792, 102, 1, 2, 15, '2016-09-06 07:00:16', 1476791845, 85, 32, 1, 'shoeb ', 'official'),
(793, 98, 1, 2, 0, '2016-09-06 07:00:34', 1476792653, 72, 32, 1, 'xokar', 'official'),
(794, 102, 3, 2, 296, '2016-09-06 07:02:42', 1476791846, 77, 32, 1, 'siam', 'official'),
(795, 102, 1, 2, 15, '2016-09-06 07:03:30', 1476791846, 40, 32, 1, 'prodipdatta7', 'official'),
(796, 103, 1, 2, 15, '2016-09-06 07:04:48', 1476791846, 58, 32, 1, 'alaminv2', 'official'),
(797, 103, 1, 2, 0, '2016-09-06 07:06:04', 1476791847, 58, 32, 1, 'alaminv2', 'official'),
(798, 101, 1, 1, 1107, '2016-09-06 07:07:24', 1476791753, 54, 32, 1, 'Jairul', 'official'),
(799, 102, 1, 2, 31, '2016-09-06 07:07:32', 1476791847, 40, 32, 1, 'prodipdatta7', 'official'),
(800, 102, 3, -1, 62, '2016-09-06 07:07:42', 1476791847, 83, 32, 1, 'Nur_Alam39(2nd)', 'official'),
(801, 104, 1, 2, 0, '2016-09-06 07:08:00', 1476791848, 52, 32, 1, 'SM PORAG', 'official'),
(802, 102, 3, 0, 374, '2016-09-06 07:08:16', 1476791848, 83, 32, 1, 'Nur_Alam39(2nd)', 'official'),
(803, 102, 2, 2, 124, '2016-09-06 07:09:09', 1476791849, 51, 32, 1, 'ehsan_sshuvo', 'official'),
(804, 103, 1, 2, 0, '2016-09-06 07:10:46', 1476791849, 54, 32, 1, 'Jairul', 'official'),
(805, 104, 1, -2, 0, '2016-09-06 07:12:17', 1476791849, 52, 32, 1, 'SM PORAG', 'official'),
(806, 101, 3, 2, 0, '2016-09-06 07:13:19', 1476791754, 66, 32, 1, 'avijit035', 'official'),
(807, 102, 1, 2, 31, '2016-09-06 07:14:06', 1476791850, 40, 32, 1, 'prodipdatta7', 'official'),
(808, 103, 1, 2, 0, '2016-09-06 07:16:21', 1476791850, 52, 32, 1, 'SM PORAG', 'official'),
(809, 100, 1, 2, 608, '2016-09-06 07:18:09', 1476793418, 54, 32, 1, 'Jairul', 'official'),
(810, 102, 2, 2, 78, '2016-09-06 07:18:46', 1476791850, 51, 32, 1, 'ehsan_sshuvo', 'official'),
(811, 98, 1, 1, 1029, '2016-09-06 07:18:56', 1476792653, 57, 32, 1, 'Jahidul_Afrad', 'official'),
(812, 102, 3, 2, 93, '2016-09-06 07:19:10', 1476791851, 53, 32, 1, 'azizul300', 'official'),
(813, 102, 3, 2, 93, '2016-09-06 07:20:50', 1476791851, 66, 32, 1, 'avijit035', 'official'),
(814, 100, 1, 2, 608, '2016-09-06 07:21:21', 1476793419, 54, 32, 1, 'Jairul', 'official'),
(815, 102, 2, 2, 78, '2016-09-06 07:21:49', 1476791851, 51, 32, 1, 'ehsan_sshuvo', 'official'),
(816, 101, 3, 0, 15, '2016-09-06 07:21:55', 1476791760, 71, 32, 1, 'tahmidhasan.3003', 'official'),
(817, 102, 3, 2, 78, '2016-09-06 07:22:15', 1476791852, 66, 32, 1, 'avijit035', 'official'),
(818, 102, 1, 2, 15, '2016-09-06 07:23:41', 1476791852, 85, 32, 1, 'shoeb ', 'official'),
(819, 101, 3, 2, 0, '2016-09-06 07:23:41', 1476791760, 83, 32, 1, 'Nur_Alam39(2nd)', 'official'),
(820, 102, 3, 0, 296, '2016-09-06 07:24:34', 1476791852, 56, 32, 1, 'Ramprosad49', 'official'),
(821, 99, 3, 2, 249, '2016-09-06 07:25:03', 1476791761, 50, 32, 1, 'jisan047', 'official'),
(822, 101, 3, 2, 0, '2016-09-06 07:25:33', 1476791761, 66, 32, 1, 'avijit035', 'official'),
(823, 99, 1, -1, 218, '2016-09-06 07:26:33', 1476791761, 68, 32, 1, 'Zakia', 'official'),
(824, 103, 1, 2, 0, '2016-09-06 07:28:44', 1476791853, 54, 32, 1, 'Jairul', 'official'),
(825, 101, 3, 2, 0, '2016-09-06 07:28:46', 1476791763, 77, 32, 1, 'siam', 'official'),
(826, 103, 1, 2, 0, '2016-09-06 07:30:16', 1476791853, 54, 32, 1, 'Jairul', 'official'),
(827, 98, 1, -1, 0, '2016-09-06 07:30:18', 1476792656, 68, 32, 1, 'Zakia', 'official'),
(828, 99, 3, 1, 1029, '2016-09-06 07:30:50', 1476791764, 85, 32, 1, 'shoeb ', 'official'),
(829, 102, 1, 0, 15, '2016-09-06 07:31:41', 1476791854, 40, 32, 1, 'prodipdatta7', 'official'),
(830, 98, 1, -1, 0, '2016-09-06 07:32:56', 1476792656, 72, 32, 1, 'xokar', 'official'),
(831, 100, 1, -1, 15, '2016-09-06 07:34:04', 1476793420, 40, 32, 1, 'prodipdatta7', 'official'),
(832, 102, 1, 2, 15, '2016-09-06 07:34:11', 1476791854, 85, 32, 1, 'shoeb ', 'official'),
(833, 100, 1, -1, 15, '2016-09-06 07:34:56', 1476793421, 40, 32, 1, 'prodipdatta7', 'official'),
(834, 98, 1, -1, 0, '2016-09-06 07:35:26', 1476792656, 72, 32, 1, 'xokar', 'official'),
(835, 100, 1, -1, 0, '2016-09-06 07:35:30', 1476793422, 40, 32, 1, 'prodipdatta7', 'official'),
(836, 100, 1, 2, 624, '2016-09-06 07:35:31', 1476793423, 54, 32, 1, 'Jairul', 'official'),
(837, 102, 3, 2, 78, '2016-09-06 07:35:51', 1476791854, 66, 32, 1, 'avijit035', 'official'),
(838, 99, 3, 1, 1045, '2016-09-06 07:36:17', 1476791767, 85, 32, 1, 'shoeb ', 'official'),
(839, 102, 3, 2, 109, '2016-09-06 07:36:55', 1476791855, 66, 32, 1, 'avijit035', 'official'),
(840, 99, 3, 2, 249, '2016-09-06 07:37:54', 1476791769, 50, 32, 1, 'jisan047', 'official'),
(841, 103, 1, 0, 0, '2016-09-06 07:38:00', 1476791855, 58, 32, 1, 'alaminv2', 'official'),
(842, 101, 3, 2, 0, '2016-09-06 07:38:42', 1476791769, 83, 32, 1, 'Nur_Alam39(2nd)', 'official'),
(843, 98, 1, 2, 0, '2016-09-06 07:38:52', 1476792656, 72, 32, 1, 'xokar', 'official'),
(844, 103, 1, 2, 0, '2016-09-06 07:39:44', 1476791855, 52, 32, 1, 'SM PORAG', 'official'),
(845, 98, 1, 1, 1029, '2016-09-06 07:40:07', 1476792657, 57, 32, 1, 'Jahidul_Afrad', 'official'),
(846, 100, 1, -1, 15, '2016-09-06 07:40:22', 1476793424, 40, 32, 1, 'prodipdatta7', 'official'),
(847, 102, 3, 2, 327, '2016-09-06 07:40:30', 1476791856, 77, 32, 1, 'siam', 'official'),
(848, 103, 1, 2, 0, '2016-09-06 07:40:55', 1476791856, 52, 32, 1, 'SM PORAG', 'official'),
(849, 102, 1, 2, 31, '2016-09-06 07:43:19', 1476791857, 73, 32, 1, 'fazlerabbi_linkon', 'official'),
(850, 98, 1, 1, 1029, '2016-09-06 07:43:25', 1476792660, 57, 32, 1, 'Jahidul_Afrad', 'official'),
(851, 103, 1, 2, 0, '2016-09-06 07:43:53', 1476791857, 52, 32, 1, 'SM PORAG', 'official'),
(852, 98, 1, 1, 1029, '2016-09-06 07:44:27', 1476792663, 57, 32, 1, 'Jahidul_Afrad', 'official'),
(853, 102, 2, 2, 78, '2016-09-06 07:44:52', 1476791857, 51, 32, 1, 'ehsan_sshuvo', 'official'),
(854, 103, 1, 2, 0, '2016-09-06 07:45:09', 1476791857, 52, 32, 1, 'SM PORAG', 'official'),
(855, 103, 1, 2, 0, '2016-09-06 07:45:27', 1476791858, 54, 32, 1, 'Jairul', 'official'),
(856, 103, 1, 2, 0, '2016-09-06 07:46:36', 1476791858, 54, 32, 1, 'Jairul', 'official'),
(857, 101, 3, 2, 0, '2016-09-06 07:47:04', 1476791781, 83, 32, 1, 'Nur_Alam39(2nd)', 'official'),
(858, 98, 1, 2, 0, '2016-09-06 07:47:12', 1476792666, 72, 32, 1, 'xokar', 'official'),
(859, 102, 1, 2, 31, '2016-09-06 07:47:54', 1476791858, 73, 32, 1, 'fazlerabbi_linkon', 'official'),
(860, 103, 1, 0, 0, '2016-09-06 07:47:55', 1476791859, 52, 32, 1, 'SM PORAG', 'official'),
(861, 98, 1, 2, 0, '2016-09-06 07:48:37', 1476792666, 72, 32, 1, 'xokar', 'official'),
(862, 103, 1, 0, 0, '2016-09-06 07:49:02', 1476791859, 54, 32, 1, 'Jairul', 'official'),
(863, 102, 3, 2, 312, '2016-09-06 07:49:32', 1476791860, 77, 32, 1, 'siam', 'official'),
(864, 98, 1, 2, 0, '2016-09-06 07:52:31', 1476792667, 72, 32, 1, 'xokar', 'official'),
(865, 98, 1, 2, 0, '2016-09-06 07:53:17', 1476792667, 58, 32, 1, 'alaminv2', 'official'),
(866, 99, 1, 2, 202, '2016-09-06 07:53:23', 1476791783, 40, 32, 1, 'prodipdatta7', 'official'),
(867, 98, 1, 2, 0, '2016-09-06 07:53:42', 1476792667, 72, 32, 1, 'xokar', 'official'),
(868, 99, 3, 0, 265, '2016-09-06 07:53:44', 1476791784, 50, 32, 1, 'jisan047', 'official'),
(869, 102, 3, 1, 1060, '2016-09-06 07:54:01', 1476791860, 71, 32, 1, 'tahmidhasan.3003', 'official'),
(870, 102, 3, 2, 171, '2016-09-06 07:54:31', 1476791862, 66, 32, 1, 'avijit035', 'official'),
(871, 102, 3, 2, 187, '2016-09-06 07:55:51', 1476791862, 66, 32, 1, 'avijit035', 'official'),
(872, 99, 1, 2, 187, '2016-09-06 07:58:01', 1476791785, 40, 32, 1, 'prodipdatta7', 'official'),
(873, 98, 1, 2, 0, '2016-09-06 07:58:32', 1476792667, 58, 32, 1, 'alaminv2', 'official'),
(874, 99, 1, -1, 15, '2016-09-06 07:59:53', 1476791785, 45, 32, 1, 'loosercoder', 'official'),
(875, 99, 1, 2, 202, '2016-09-06 08:01:11', 1476791786, 40, 32, 1, 'prodipdatta7', 'official'),
(876, 101, 1, 1, 1092, '2016-09-06 08:01:18', 1476791786, 54, 32, 1, 'Jairul', 'official'),
(877, 99, 1, -1, 0, '2016-09-06 08:01:25', 1476791788, 45, 32, 1, 'loosercoder', 'official'),
(878, 102, 3, 2, 124, '2016-09-06 08:02:41', 1476791863, 71, 32, 1, 'tahmidhasan.3003', 'official'),
(879, 98, 1, 2, 0, '2016-09-06 08:03:21', 1476792668, 72, 32, 1, 'xokar', 'official'),
(880, 101, 2, 2, 0, '2016-09-06 08:04:32', 1476791789, 51, 32, 1, 'ehsan_sshuvo', 'official'),
(881, 101, 3, 2, 0, '2016-09-06 08:05:45', 1476791789, 66, 32, 1, 'avijit035', 'official'),
(882, 99, 3, 2, 249, '2016-09-06 08:05:53', 1476791789, 56, 32, 1, 'Ramprosad49', 'official'),
(883, 101, 3, 2, 0, '2016-09-06 08:06:37', 1476791790, 66, 32, 1, 'avijit035', 'official'),
(884, 99, 3, 1, 1060, '2016-09-06 08:07:06', 1476791790, 85, 32, 1, 'shoeb ', 'official'),
(885, 102, 3, 2, 312, '2016-09-06 08:07:24', 1476791863, 85, 32, 1, 'shoeb ', 'official'),
(886, 101, 2, 0, 0, '2016-09-06 08:07:51', 1476791792, 51, 32, 1, 'ehsan_sshuvo', 'official'),
(887, 86, 3, 2, 358, '2016-09-06 22:57:35', 1473217061, 56, 28, 1, 'Ramprosad49', 'official'),
(888, 91, 3, -2, 0, '2016-10-18 08:12:24', 1476792745, 2, 29, 1, 'moshiur.bd', 'official');

-- --------------------------------------------------------

--
-- Table structure for table `user`
--

CREATE TABLE IF NOT EXISTS `user` (
`uid` int(11) NOT NULL,
  `name` varchar(100) NOT NULL,
  `uname` varchar(40) NOT NULL,
  `upass` varchar(40) NOT NULL,
  `type` varchar(20) NOT NULL DEFAULT 'user',
  `sex` varchar(10) DEFAULT 'untold'
) ENGINE=InnoDB AUTO_INCREMENT=86 DEFAULT CHARSET=latin1;

--
-- Dumping data for table `user`
--

INSERT INTO `user` (`uid`, `name`, `uname`, `upass`, `type`, `sex`) VALUES
(2, 'Moshiur Rahman[4th year]', 'moshiur.bd', 'hell', 'manager', 'male'),
(9, 'Sudipto[CSE 4th year]', 'sudipto.bd', 'hell2', 'manager', 'untold'),
(11, 'Tanvir Hasan', 'tnvr', 'tnvr', 'user', 'untold'),
(13, 'FakeUser', 'FakeUser', '12345', 'user', 'untold'),
(14, 'skmonir', 'skmonir', 'ghorardim', 'user', 'untold'),
(39, 'moshiur.bd445', 'moshiur.bd445', '11111', 'user', 'untold'),
(40, 'Prodip Datta(1st)', 'prodipdatta7', '20141101046', 'user', 'untold'),
(41, 'mesbaulhasan', 'mesbaulbsmrstu', '20151201029', 'user', 'untold'),
(42, 'MD Hafizur Rahman( 1st year)', 'aim_to_miss', 'testingoj', 'user', 'untold'),
(43, 'FakeId', 'newid', '12345', 'user', 'untold'),
(44, 'Ramprosad Gharami', 'Ramprosad', '6878724792768787247927', 'user', 'untold'),
(45, 'Ankita Dutta |Mou(1st year)', 'loosercoder', 'ankitaduttamou', 'user', 'female'),
(46, 'Khairun Nahar', 'Jakia', 'jknahar', 'user', 'female'),
(47, 'anamika gain', 'anu', '11164411', 'user', 'female'),
(48, 'sumon', 'sumon', 'sas', 'user', 'untold'),
(49, 'Masnun Siam', 'msiamn', 'siam1996', 'user', 'untold'),
(50, 'Jisan Shaikh(1st year)', 'jisan047', '01753017939', 'user', 'untold'),
(51, 'Ehsan sShuvo(2nd year)', 'ehsan_sshuvo', 'sShuvo1997', 'user', 'untold'),
(52, 'SM PORAG(1st year)', 'SM PORAG', 'smporag', 'user', 'untold'),
(53, 'azizul islam(2nd)', 'azizul300', 'azizulsazia', 'user', 'untold'),
(54, 'Jairul Islam', 'Jairul', '20151101002', 'user', 'untold'),
(55, 'hafiz', '123', '123', 'user', 'untold'),
(56, 'Ramprosad Gharami[1st year]', 'Ramprosad49', '68787247927', 'user', 'untold'),
(57, 'Jahidul afrad(1st year)', 'Jahidul_Afrad', '12345', 'user', 'untold'),
(58, 'alamin (1st Year)', 'alaminv2', '501112', 'user', 'untold'),
(62, 'syed pallab', 'pallab', '11111', 'user', 'untold'),
(63, 'anamika gain', 'anamika', '11164411', 'user', 'untold'),
(64, 'Sanjit Majumdar(3rd)', 'sanjit', 'helloworld', 'user', 'untold'),
(65, 'Nur-E-Alam Jony', 'Nur_Alam39', '456159', 'user', 'untold'),
(66, 'Avijit Biswas (2nd year)', 'avijit035', 'avijit22222', 'user', 'untold'),
(67, 'lipi( 1st year)', 'lipi', 'lipi', 'user', 'female'),
(68, 'Khairun Nahar (1st year)', 'Zakia', 'jknahar', 'user', 'female'),
(69, 'Ummey Habiba(1st Y)', 'Habiba', 'astronomy', 'user', 'female'),
(70, 'Md. Sohel Rana', 'Sohel', '01742021380', 'user', 'untold'),
(71, 'Md Tahmid Hasan Sarkar', 'tahmidhasan.3003', 'tahmid.sj.3003', 'user', 'untold'),
(72, 'Partho Bala[1st Year]', 'xokar', 'prk1997', 'user', 'untold'),
(73, 'Fazle Rabbi Linkon', 'fazlerabbi_linkon', '25225269', 'user', 'untold'),
(74, 'MD. RONY AHMED(5th Batch)', 'm_rony', 'rubiabegum', 'user', 'untold'),
(75, 'Debashis Roy', 'debashis_roy', '12345', 'user', 'untold'),
(77, 'Masnun Siam (1st year)', 'siam', '01747705862', 'user', 'untold'),
(79, 'debashis_roy', 'D', '12345', 'user', 'untold'),
(81, 'Md. Sohel Rana[2nd year]', 'Sohel (2nd Year)', '01742021380', 'user', 'untold'),
(83, 'Nur-E-Alam Jony[2nd Year]', 'Nur_Alam39(2nd)', '456159', 'user', 'untold'),
(84, 'Roy Debashis (1st year)', 'debashis', 'deba71', 'user', 'untold'),
(85, 'Md shoeb howlader(2nd Year)', 'shoeb ', '6374632', 'user', 'untold');

--
-- Indexes for dumped tables
--

--
-- Indexes for table `contest`
--
ALTER TABLE `contest`
 ADD PRIMARY KEY (`id`);

--
-- Indexes for table `judge`
--
ALTER TABLE `judge`
 ADD PRIMARY KEY (`status`);

--
-- Indexes for table `language`
--
ALTER TABLE `language`
 ADD PRIMARY KEY (`id`);

--
-- Indexes for table `links`
--
ALTER TABLE `links`
 ADD PRIMARY KEY (`auto`);

--
-- Indexes for table `problem`
--
ALTER TABLE `problem`
 ADD PRIMARY KEY (`pid`);

--
-- Indexes for table `submission`
--
ALTER TABLE `submission`
 ADD PRIMARY KEY (`id`);

--
-- Indexes for table `user`
--
ALTER TABLE `user`
 ADD PRIMARY KEY (`uid`), ADD UNIQUE KEY `uname` (`uname`);

--
-- AUTO_INCREMENT for dumped tables
--

--
-- AUTO_INCREMENT for table `contest`
--
ALTER TABLE `contest`
MODIFY `id` int(11) NOT NULL AUTO_INCREMENT,AUTO_INCREMENT=33;
--
-- AUTO_INCREMENT for table `links`
--
ALTER TABLE `links`
MODIFY `auto` int(11) NOT NULL AUTO_INCREMENT,AUTO_INCREMENT=5;
--
-- AUTO_INCREMENT for table `problem`
--
ALTER TABLE `problem`
MODIFY `pid` int(11) NOT NULL AUTO_INCREMENT,AUTO_INCREMENT=105;
--
-- AUTO_INCREMENT for table `submission`
--
ALTER TABLE `submission`
MODIFY `id` int(11) NOT NULL AUTO_INCREMENT,AUTO_INCREMENT=889;
--
-- AUTO_INCREMENT for table `user`
--
ALTER TABLE `user`
MODIFY `uid` int(11) NOT NULL AUTO_INCREMENT,AUTO_INCREMENT=86;
/*!40101 SET CHARACTER_SET_CLIENT=@OLD_CHARACTER_SET_CLIENT */;
/*!40101 SET CHARACTER_SET_RESULTS=@OLD_CHARACTER_SET_RESULTS */;
/*!40101 SET COLLATION_CONNECTION=@OLD_COLLATION_CONNECTION */;
